date,region,disease_type,animal_type,case_status,case_count,temperature,humidity,rainfall,wind_speed
2022-04-13,West Midlands,NDV,Chicken,Confirmed,4,7.5,91.3,0.1,15.6
2023-03-12,South East,NDV,Duck,Confirmed,6,2.0,75.7,2.2,17.6
2022-09-28,East of England,IBV,Duck,Suspected,4,5.7,78.6,1.5,14.4
2022-04-17,North East,NDV,Duck,Suspected,1,16.1,74.6,2.6,7.4
2022-03-13,North East,H5N8,Wild Bird,Suspected,1,4.0,89.8,3.6,9.1
2023-12-02,South East,H5N8,Wild Bird,Suspected,1,5.2,68.0,3.0,20.9
2022-01-21,South East,H5N8,Duck,Confirmed,2,3.3,68.4,12.5,15.8
2023-09-07,East Midlands,IBV,Wild Bird,Confirmed,3,9.5,73.0,0.4,11.1
2022-05-02,West Midlands,NDV,Chicken,Confirmed,3,19.4,68.1,1.7,14.9
2023-04-12,South East,NDV,Chicken,Suspected,3,9.3,79.6,1.7,18.3
2022-08-03,London,H5N1,Duck,Confirmed,3,10.3,64.7,1.6,17.3
2022-11-27,Yorkshire and the Humber,H5N1,Chicken,Suspected,4,6.0,71.2,3.3,11.2
2023-04-04,East of England,NDV,Duck,Confirmed,3,9.7,92.0,2.0,7.1
2022-03-29,West Midlands,NDV,Duck,Confirmed,6,16.1,74.3,2.2,13.0
2023-01-08,London,NDV,Chicken,Suspected,2,10.7,86.2,1.7,20.5
2022-04-10,North West,IBV,Wild Bird,Confirmed,3,20.7,64.0,14.4,19.3
2023-10-26,South East,NDV,Chicken,Confirmed,3,16.3,68.7,7.9,17.1
2022-05-11,South East,H5N1,Chicken,Suspected,2,9.6,88.3,1.1,14.1
2023-10-24,North East,IBV,Duck,Confirmed,0,9.5,86.7,0.4,12.4
2022-11-05,London,NDV,Duck,Suspected,2,18.2,73.5,5.5,14.2
2022-12-10,North East,H5N1,Duck,Confirmed,8,10.7,93.4,17.6,18.9
2023-05-07,East Midlands,IBV,Duck,Confirmed,4,17.0,91.9,1.0,20.1
2023-02-18,North East,NDV,Wild Bird,Confirmed,3,20.0,93.7,1.3,13.7
2023-01-21,East Midlands,NDV,Wild Bird,Confirmed,4,9.0,75.0,8.5,27.7
2022-07-11,East Midlands,NDV,Wild Bird,Confirmed,3,11.8,66.9,3.7,15.5
2022-10-04,South East,IBV,Duck,Confirmed,5,14.9,81.9,1.1,13.3
2022-06-10,North West,H5N1,Duck,Confirmed,2,13.8,84.0,2.6,22.4
2023-04-05,North East,H5N1,Duck,Confirmed,3,13.8,64.4,8.7,4.8
2022-11-10,London,H5N8,Wild Bird,Suspected,5,3.3,87.5,5.0,17.4
2022-01-22,East Midlands,NDV,Duck,Suspected,3,5.8,60.6,4.1,14.6
2022-09-10,South East,H5N8,Chicken,Confirmed,3,7.5,76.9,4.0,22.2
2023-07-15,East of England,H5N8,Chicken,Confirmed,2,16.1,71.6,0.6,18.0
2023-04-20,West Midlands,H5N1,Duck,Suspected,2,3.8,85.9,5.2,15.7
2022-02-28,North West,IBV,Chicken,Confirmed,2,17.6,70.9,1.0,18.3
2023-05-26,South West,IBV,Chicken,Confirmed,7,13.9,88.9,8.0,9.7
2023-11-13,East of England,H5N1,Wild Bird,Suspected,3,15.8,80.8,1.4,19.8
2023-04-21,West Midlands,IBV,Duck,Confirmed,1,5.4,87.8,5.8,8.3
2023-12-01,East of England,H5N8,Duck,Confirmed,7,10.4,94.6,0.9,16.8
2022-07-09,North East,NDV,Wild Bird,Suspected,8,11.5,83.8,2.2,15.2
2023-11-18,East Midlands,H5N1,Chicken,Confirmed,6,11.3,94.5,0.3,6.2
2023-07-17,North West,NDV,Chicken,Confirmed,3,11.5,61.0,3.2,15.3
2023-07-21,Yorkshire and the Humber,IBV,Duck,Suspected,4,8.6,71.8,5.4,16.4
2022-09-01,East Midlands,NDV,Chicken,Confirmed,1,10.7,63.8,3.8,11.7
2023-05-20,Yorkshire and the Humber,IBV,Wild Bird,Suspected,2,15.2,69.2,2.2,9.9
2022-05-11,West Midlands,IBV,Wild Bird,Confirmed,2,4.2,89.4,0.1,17.5
2023-04-30,South East,H5N8,Duck,Confirmed,4,17.7,61.1,8.1,16.8
2023-10-09,South West,IBV,Wild Bird,Suspected,5,14.9,78.2,3.7,16.1
2022-01-21,London,H5N8,Wild Bird,Suspected,0,5.2,79.8,4.1,15.0
2022-06-16,East Midlands,H5N8,Duck,Confirmed,1,11.9,79.6,4.7,12.2
2022-10-01,North West,H5N8,Wild Bird,Suspected,4,14.5,76.6,4.1,26.4
2023-01-23,East of England,H5N1,Wild Bird,Suspected,0,3.8,87.7,1.7,13.5
2023-08-24,North West,H5N1,Wild Bird,Confirmed,5,10.2,64.7,4.0,10.7
2022-11-12,West Midlands,IBV,Chicken,Confirmed,2,9.6,70.9,2.9,15.3
2022-01-14,Yorkshire and the Humber,H5N8,Duck,Confirmed,0,6.8,81.6,5.8,14.1
2022-08-30,East of England,H5N1,Duck,Suspected,4,10.5,84.2,4.9,13.4
2022-12-12,London,H5N8,Duck,Suspected,2,7.0,74.1,0.1,24.4
2023-07-19,London,NDV,Chicken,Suspected,3,16.9,90.6,1.4,9.4
2022-12-06,East Midlands,NDV,Chicken,Suspected,2,6.9,74.5,0.1,15.2
2022-04-02,West Midlands,NDV,Duck,Confirmed,4,14.0,74.1,0.3,9.7
2023-01-02,South East,IBV,Chicken,Suspected,4,1.7,61.3,2.8,12.3
2023-03-31,West Midlands,H5N8,Duck,Confirmed,2,9.2,79.3,6.2,23.7
2023-03-04,Yorkshire and the Humber,NDV,Chicken,Suspected,7,10.1,84.8,0.4,16.4
2023-05-24,North West,H5N1,Wild Bird,Confirmed,4,9.0,64.0,1.8,16.3
2022-02-04,London,NDV,Wild Bird,Confirmed,4,8.0,70.7,7.3,10.3
2022-07-25,North West,NDV,Duck,Confirmed,5,6.7,87.3,5.1,12.9
2022-03-22,North West,NDV,Chicken,Suspected,7,13.8,72.8,2.2,24.1
2023-07-16,North West,IBV,Chicken,Confirmed,2,15.0,68.5,4.4,17.5
2023-01-23,London,H5N1,Wild Bird,Confirmed,7,9.6,83.5,2.2,13.3
2022-01-02,North East,H5N8,Wild Bird,Suspected,4,4.5,66.9,0.5,17.2
2023-01-25,Yorkshire and the Humber,H5N1,Chicken,Confirmed,9,19.0,91.3,0.4,16.3
2023-07-20,Yorkshire and the Humber,H5N8,Chicken,Suspected,3,5.6,63.7,0.6,10.8
2022-04-16,East of England,IBV,Chicken,Suspected,4,2.7,84.7,1.3,13.2
2023-04-22,West Midlands,IBV,Chicken,Confirmed,1,-0.1,77.5,8.0,26.3
2023-12-04,West Midlands,IBV,Chicken,Confirmed,0,10.5,90.4,4.8,17.0
2023-02-06,South West,IBV,Chicken,Suspected,0,8.9,64.4,1.7,7.2
2023-12-31,West Midlands,H5N8,Duck,Confirmed,3,15.2,83.7,2.0,17.6
2023-07-10,London,NDV,Chicken,Suspected,1,13.1,80.0,0.9,21.5
2022-06-11,South East,H5N8,Wild Bird,Suspected,4,11.5,76.8,3.7,10.5
2022-07-21,East Midlands,H5N1,Duck,Suspected,3,8.6,77.2,4.9,12.7
2022-09-27,South West,IBV,Chicken,Confirmed,4,15.5,85.3,0.8,22.3
2022-09-28,East Midlands,IBV,Wild Bird,Suspected,4,19.3,92.8,0.1,15.2
2023-04-01,Yorkshire and the Humber,H5N1,Duck,Confirmed,7,15.0,63.2,2.9,14.3
2023-04-07,East Midlands,H5N8,Wild Bird,Confirmed,3,7.7,60.7,2.5,8.3
2023-12-28,East Midlands,NDV,Chicken,Confirmed,2,13.9,88.2,1.5,20.4
2022-09-09,South West,NDV,Chicken,Confirmed,4,8.0,63.8,3.1,14.1
2023-12-03,East of England,H5N1,Chicken,Suspected,0,4.5,94.5,2.4,4.1
2022-10-23,North West,NDV,Chicken,Confirmed,3,5.5,81.7,0.9,7.1
2023-12-26,West Midlands,H5N8,Duck,Suspected,1,8.2,82.8,1.5,12.2
2023-12-21,West Midlands,H5N8,Duck,Suspected,2,10.5,67.0,1.7,9.6
2022-12-04,London,H5N1,Wild Bird,Confirmed,8,20.3,68.4,6.4,10.4
2022-02-22,South West,H5N8,Chicken,Suspected,2,5.6,83.1,9.7,26.7
2022-08-05,London,IBV,Wild Bird,Suspected,1,16.6,91.8,6.7,18.5
2022-07-07,South East,H5N1,Duck,Confirmed,3,8.4,94.4,3.8,2.1
2023-01-15,South East,H5N8,Chicken,Suspected,6,-0.1,66.9,2.6,13.4
2023-05-08,London,H5N1,Chicken,Suspected,2,7.5,64.7,3.5,14.6
2022-02-10,South West,NDV,Duck,Suspected,5,15.9,62.0,8.4,7.6
2022-06-06,London,H5N8,Duck,Suspected,1,11.7,90.4,0.9,17.7
2022-01-15,West Midlands,IBV,Duck,Confirmed,4,12.0,70.3,2.3,4.8
2022-03-06,North East,H5N8,Duck,Suspected,3,16.6,60.1,3.5,20.5
2023-06-05,East Midlands,H5N1,Duck,Suspected,1,4.8,67.8,3.4,22.2
2022-12-10,North East,H5N1,Chicken,Suspected,2,4.7,71.9,0.9,26.8
2022-05-09,South West,H5N8,Duck,Suspected,3,-1.3,94.7,2.7,7.1
2023-10-10,North East,IBV,Chicken,Confirmed,0,14.4,78.3,4.8,8.1
2023-04-17,South East,IBV,Chicken,Suspected,1,12.8,67.2,1.9,18.5
2022-03-04,Yorkshire and the Humber,IBV,Duck,Confirmed,2,13.6,71.7,4.7,20.9
2022-05-19,East Midlands,H5N1,Duck,Suspected,3,4.1,71.6,1.3,19.0
2023-05-14,North West,H5N8,Chicken,Confirmed,4,2.0,60.7,8.4,20.4
2023-08-16,South West,NDV,Duck,Confirmed,2,3.4,64.7,2.3,21.9
2023-01-27,East Midlands,H5N1,Duck,Confirmed,4,5.4,84.3,2.7,16.0
2023-11-06,North East,IBV,Duck,Confirmed,3,17.8,64.2,0.1,13.9
2023-02-23,South East,H5N8,Wild Bird,Confirmed,4,15.0,68.1,0.6,8.2
2022-10-16,East of England,IBV,Chicken,Suspected,3,7.7,72.3,3.0,13.5
2023-01-14,North West,NDV,Wild Bird,Suspected,4,11.5,86.5,1.6,14.3
2023-05-05,East Midlands,IBV,Duck,Suspected,0,6.6,80.4,2.1,10.3
2022-08-19,South East,IBV,Wild Bird,Confirmed,4,11.8,84.1,0.2,14.8
2022-02-10,South East,NDV,Duck,Suspected,5,4.3,79.8,5.4,9.7
2022-01-28,North East,H5N8,Wild Bird,Confirmed,2,13.8,83.9,4.6,20.6
2022-05-15,West Midlands,H5N1,Duck,Confirmed,7,5.8,60.1,0.6,17.1
2022-07-20,North East,H5N8,Wild Bird,Suspected,6,14.0,92.6,3.0,12.7
2022-02-02,West Midlands,NDV,Wild Bird,Suspected,2,7.9,63.9,5.1,15.9
2022-02-17,West Midlands,IBV,Wild Bird,Confirmed,6,6.0,74.2,3.1,9.5
2023-05-18,North West,H5N8,Chicken,Confirmed,5,18.1,87.0,1.1,10.0
2023-02-11,North East,H5N1,Wild Bird,Suspected,4,10.9,75.2,3.2,11.8
2023-07-28,East of England,NDV,Chicken,Suspected,3,8.4,93.1,0.7,14.0
2023-12-29,London,H5N8,Duck,Suspected,3,13.8,76.4,1.1,15.7
2022-04-09,London,H5N1,Wild Bird,Suspected,2,3.3,90.6,0.8,15.7
2023-11-15,North East,NDV,Duck,Confirmed,2,15.5,88.4,2.4,8.4
2023-12-27,North East,H5N1,Duck,Suspected,7,9.3,94.3,0.3,14.6
2023-07-01,North West,NDV,Wild Bird,Suspected,7,13.0,92.4,8.1,10.9
2023-09-05,North East,IBV,Chicken,Suspected,4,2.3,91.4,1.2,-2.0
2023-04-07,West Midlands,H5N8,Wild Bird,Confirmed,3,8.1,85.6,0.7,30.4
2023-10-05,South East,H5N1,Duck,Confirmed,3,10.0,72.8,2.1,11.0
2022-01-05,South East,NDV,Duck,Confirmed,6,15.2,63.7,1.0,11.3
2022-08-06,West Midlands,H5N1,Wild Bird,Confirmed,5,13.4,84.1,2.3,8.3
2023-05-18,South West,H5N1,Chicken,Suspected,2,8.0,94.3,1.3,9.7
2023-02-02,West Midlands,H5N8,Chicken,Confirmed,3,11.6,85.4,0.4,14.1
2023-01-28,East of England,IBV,Duck,Suspected,6,16.3,92.5,0.9,21.8
2022-07-26,Yorkshire and the Humber,H5N1,Duck,Suspected,1,9.0,88.2,1.7,14.0
2022-01-15,East Midlands,NDV,Chicken,Suspected,2,8.5,65.7,0.1,13.4
2023-07-08,West Midlands,NDV,Wild Bird,Suspected,1,0.6,68.7,4.4,21.0
2023-04-06,North East,IBV,Duck,Confirmed,3,8.6,72.0,2.9,12.4
2023-11-22,North East,NDV,Chicken,Confirmed,4,1.3,65.9,2.8,15.1
2023-07-29,North West,IBV,Duck,Confirmed,5,9.4,80.4,2.4,10.4
2022-08-29,West Midlands,NDV,Wild Bird,Suspected,3,14.9,94.1,2.7,23.4
2023-07-18,North West,H5N8,Chicken,Suspected,2,-0.6,86.7,8.2,20.2
2022-04-06,West Midlands,H5N1,Duck,Suspected,5,16.2,74.8,0.0,14.2
2023-04-30,East Midlands,H5N8,Wild Bird,Suspected,1,8.3,60.2,0.1,13.0
2023-02-11,Yorkshire and the Humber,H5N1,Duck,Suspected,3,9.9,71.0,0.6,14.8
2022-08-19,South East,H5N1,Wild Bird,Confirmed,2,7.5,78.4,0.5,14.3
2023-10-17,London,H5N1,Wild Bird,Suspected,2,1.4,71.3,0.6,7.3
2022-06-20,West Midlands,H5N8,Chicken,Confirmed,1,6.1,63.9,3.3,20.4
2023-06-25,Yorkshire and the Humber,H5N1,Wild Bird,Suspected,1,20.5,75.5,1.8,13.9
2022-02-05,South East,H5N8,Duck,Suspected,6,4.5,68.9,14.4,24.5
2023-06-09,South West,IBV,Wild Bird,Confirmed,3,2.1,91.8,0.8,17.1
2022-06-09,East Midlands,NDV,Wild Bird,Confirmed,1,10.7,63.6,1.1,2.4
2023-11-30,North West,NDV,Chicken,Suspected,6,9.6,61.7,12.5,8.6
2022-08-31,North West,H5N1,Wild Bird,Suspected,3,8.4,60.2,5.3,4.3
2022-03-27,North East,H5N8,Wild Bird,Suspected,4,10.1,71.5,1.9,8.5
2023-08-01,South East,NDV,Duck,Suspected,0,13.2,83.1,2.4,6.8
2023-11-13,South West,H5N8,Chicken,Confirmed,1,7.1,85.6,5.6,16.3
2023-07-11,Yorkshire and the Humber,H5N8,Chicken,Suspected,3,11.0,75.9,2.0,13.4
2023-07-28,East Midlands,H5N1,Chicken,Confirmed,4,15.1,84.0,0.7,18.7
2023-10-08,South East,NDV,Wild Bird,Suspected,2,5.0,72.6,5.3,14.8
2022-01-28,South West,H5N1,Chicken,Confirmed,1,-1.6,83.4,2.3,13.8
2023-09-12,London,H5N1,Wild Bird,Confirmed,2,13.4,61.4,0.5,25.0
2023-07-10,West Midlands,NDV,Wild Bird,Suspected,7,22.5,73.7,2.1,16.1
2022-12-06,North West,NDV,Duck,Confirmed,3,10.0,87.7,1.6,14.6
2022-11-27,Yorkshire and the Humber,IBV,Duck,Suspected,1,11.0,88.1,6.3,10.7
2023-10-02,North West,IBV,Duck,Confirmed,2,8.5,85.1,0.4,9.1
2023-05-21,Yorkshire and the Humber,H5N8,Duck,Suspected,1,17.9,67.1,6.2,18.9
2022-12-14,North East,NDV,Duck,Confirmed,4,9.6,68.7,2.2,18.6
2023-04-18,Yorkshire and the Humber,IBV,Wild Bird,Suspected,3,9.1,94.9,1.6,22.9
2022-08-19,North West,H5N8,Wild Bird,Suspected,3,14.6,63.6,0.5,17.4
2022-07-09,Yorkshire and the Humber,H5N8,Chicken,Confirmed,3,7.6,66.3,3.6,13.0
2022-08-13,London,H5N8,Wild Bird,Confirmed,3,3.6,64.6,7.8,17.6
2023-01-20,North East,IBV,Wild Bird,Confirmed,4,14.4,71.5,1.4,14.6
2023-01-12,Yorkshire and the Humber,NDV,Duck,Confirmed,0,7.0,67.4,0.8,19.3
2022-10-10,South East,H5N1,Wild Bird,Suspected,2,5.1,77.4,2.4,21.7
2023-09-25,East of England,H5N8,Duck,Confirmed,3,20.5,76.7,4.8,14.2
2023-09-20,South West,IBV,Chicken,Suspected,5,9.1,91.6,0.0,23.8
2022-09-16,East of England,IBV,Chicken,Confirmed,3,12.5,61.2,3.0,20.9
2022-12-25,East of England,H5N1,Wild Bird,Suspected,5,10.1,71.2,2.7,15.1
2023-12-11,East Midlands,H5N1,Chicken,Suspected,5,5.6,80.9,1.1,18.4
2023-04-01,London,IBV,Wild Bird,Suspected,3,13.4,81.2,1.8,16.5
2023-02-15,South East,NDV,Chicken,Suspected,2,11.6,76.8,0.9,15.1
2023-10-11,West Midlands,H5N1,Duck,Confirmed,2,6.7,88.5,4.7,24.6
2022-11-14,Yorkshire and the Humber,IBV,Duck,Confirmed,2,12.2,62.2,3.0,17.6
2023-11-08,South West,H5N1,Duck,Suspected,3,7.4,88.5,2.3,10.8
2022-08-13,North East,NDV,Duck,Confirmed,1,4.5,77.3,1.5,9.9
2022-08-22,South East,H5N8,Wild Bird,Confirmed,3,4.0,64.7,1.0,10.1
2023-11-15,North West,H5N1,Chicken,Suspected,1,11.4,91.0,5.2,17.4
2023-10-26,West Midlands,NDV,Wild Bird,Confirmed,0,8.1,82.7,1.8,13.3
2023-01-09,East Midlands,IBV,Duck,Confirmed,5,17.5,65.7,2.1,16.7
2023-11-03,East Midlands,H5N1,Wild Bird,Confirmed,2,9.8,61.2,2.2,19.7
2023-08-31,South East,H5N1,Chicken,Suspected,3,6.1,64.9,1.8,25.1
2023-04-17,East of England,IBV,Wild Bird,Confirmed,3,10.8,81.3,0.9,13.4
2022-08-21,North West,H5N8,Chicken,Suspected,6,3.5,66.3,0.4,8.0
2023-11-23,East Midlands,IBV,Wild Bird,Confirmed,4,9.6,67.9,0.3,24.0
2022-04-23,South West,H5N1,Chicken,Confirmed,5,11.6,60.9,4.2,7.7
2023-05-12,East Midlands,IBV,Chicken,Confirmed,3,11.0,85.3,0.8,7.5
2023-03-18,North East,NDV,Duck,Suspected,2,16.5,88.4,0.2,23.8
2023-07-18,Yorkshire and the Humber,IBV,Chicken,Suspected,3,23.0,87.9,4.8,20.3
2022-09-25,East Midlands,H5N1,Duck,Confirmed,5,13.4,64.5,0.5,17.4
2023-05-25,North East,IBV,Duck,Suspected,1,15.9,91.6,2.9,14.8
2023-01-21,South East,H5N8,Duck,Confirmed,2,22.7,83.5,1.2,13.8
2023-01-22,South East,IBV,Wild Bird,Suspected,4,5.0,91.4,0.4,11.7
2022-04-23,West Midlands,H5N8,Wild Bird,Suspected,2,10.7,75.7,1.6,13.6
2023-09-05,East Midlands,NDV,Wild Bird,Confirmed,3,7.6,75.3,0.0,14.8
2023-09-17,South West,H5N8,Wild Bird,Confirmed,5,14.2,87.5,5.5,8.1
2022-03-22,East Midlands,IBV,Chicken,Confirmed,3,11.4,63.3,2.2,10.9
2023-11-30,South West,H5N1,Chicken,Confirmed,1,5.9,78.2,0.4,4.4
2022-04-23,London,H5N8,Wild Bird,Suspected,3,10.1,89.3,0.8,15.4
2022-01-02,West Midlands,NDV,Chicken,Suspected,1,15.2,89.1,1.8,15.4
2023-10-04,London,H5N8,Chicken,Suspected,2,3.5,93.5,0.6,23.9
2022-08-08,East Midlands,H5N8,Duck,Confirmed,2,6.0,84.4,0.9,16.9
2023-07-20,West Midlands,H5N8,Duck,Confirmed,1,5.3,67.3,2.3,12.2
2022-08-13,London,NDV,Duck,Suspected,1,11.6,60.7,5.4,14.0
2023-01-20,East of England,IBV,Duck,Confirmed,2,16.2,76.8,1.5,17.4
2023-02-07,East Midlands,H5N8,Chicken,Suspected,7,-0.0,78.0,3.8,16.1
2023-09-30,London,H5N8,Wild Bird,Suspected,3,10.5,68.4,6.3,17.9
2022-05-10,East of England,H5N1,Chicken,Suspected,3,5.4,64.4,0.7,16.9
2022-02-22,East of England,NDV,Chicken,Suspected,3,15.0,80.5,4.9,13.7
2023-11-15,South East,H5N8,Chicken,Suspected,4,8.8,86.7,4.2,12.3
2023-12-31,East Midlands,NDV,Duck,Confirmed,1,10.7,94.8,1.3,12.1
2023-11-03,East of England,H5N8,Duck,Confirmed,4,10.0,86.5,13.7,10.4
2023-12-11,South East,IBV,Duck,Confirmed,2,15.6,87.8,0.9,9.6
2023-02-20,London,IBV,Wild Bird,Suspected,2,20.2,81.6,0.9,24.2
2022-09-04,North East,H5N8,Chicken,Suspected,0,4.3,94.5,4.4,15.6
2023-03-15,East Midlands,IBV,Wild Bird,Suspected,1,5.2,82.4,1.7,14.2
2022-07-22,West Midlands,H5N8,Duck,Suspected,2,11.6,90.1,1.2,12.5
2022-07-03,South West,IBV,Wild Bird,Confirmed,2,5.9,93.1,0.6,17.1
2022-05-03,South West,H5N1,Chicken,Confirmed,5,14.7,92.5,4.3,21.0
2023-02-05,London,H5N1,Chicken,Suspected,4,15.5,73.3,4.6,18.6
2022-10-21,London,H5N1,Duck,Suspected,2,7.3,62.8,2.5,19.6
2022-10-07,East of England,NDV,Duck,Suspected,2,6.2,66.0,9.5,12.1
2023-09-02,East Midlands,NDV,Wild Bird,Confirmed,3,8.6,62.1,1.1,15.0
2022-07-17,South West,H5N1,Duck,Confirmed,5,10.5,63.7,0.7,12.1
2023-05-26,South West,NDV,Duck,Confirmed,1,11.6,66.5,3.4,15.5
2022-05-24,East of England,IBV,Chicken,Suspected,2,-1.3,71.9,4.3,21.4
2023-09-01,South West,H5N8,Duck,Suspected,3,5.2,79.0,0.8,17.2
2022-07-20,West Midlands,H5N8,Duck,Confirmed,0,8.0,84.9,0.2,23.1
2022-05-04,East Midlands,H5N8,Chicken,Suspected,2,6.0,67.4,5.0,13.6
2022-07-06,Yorkshire and the Humber,H5N1,Chicken,Confirmed,5,-4.3,83.5,11.3,11.0
2022-11-22,South West,NDV,Wild Bird,Suspected,2,0.6,84.6,3.1,17.6
2023-04-09,London,IBV,Duck,Confirmed,3,3.5,79.6,1.0,15.6
2022-12-15,West Midlands,IBV,Chicken,Suspected,2,9.4,91.6,17.1,16.6
2023-10-22,South West,H5N1,Wild Bird,Confirmed,0,7.8,63.9,6.7,15.9
2023-02-07,West Midlands,IBV,Wild Bird,Confirmed,7,6.8,66.2,2.2,12.6
2022-12-12,South East,IBV,Duck,Confirmed,5,14.0,75.0,5.2,16.0
2023-05-26,Yorkshire and the Humber,IBV,Duck,Confirmed,0,14.0,64.4,5.1,19.9
2022-05-27,North West,IBV,Wild Bird,Confirmed,3,10.7,79.8,8.2,20.4
2022-05-28,London,NDV,Chicken,Confirmed,8,10.6,73.9,5.5,12.6
2023-12-12,London,IBV,Wild Bird,Suspected,4,5.7,70.0,3.1,16.2
2023-05-04,East Midlands,H5N8,Duck,Suspected,3,6.3,65.9,2.8,22.4
2023-10-02,West Midlands,H5N1,Chicken,Suspected,2,1.5,71.7,1.9,12.7
2023-07-05,East of England,NDV,Chicken,Confirmed,4,8.7,81.3,3.0,11.8
2022-12-04,London,IBV,Wild Bird,Confirmed,5,13.9,80.2,4.8,19.0
2023-10-03,West Midlands,NDV,Duck,Suspected,3,16.8,65.7,10.4,18.1
2023-04-18,West Midlands,IBV,Wild Bird,Confirmed,0,8.8,64.4,1.9,10.8
2022-05-31,North East,H5N8,Wild Bird,Confirmed,2,12.5,60.9,2.6,8.0
2023-02-19,North East,H5N1,Wild Bird,Confirmed,4,-4.3,60.4,1.8,16.1
2022-10-25,North West,IBV,Chicken,Confirmed,5,7.8,90.8,3.3,12.9
2023-09-03,South East,IBV,Chicken,Confirmed,2,7.7,61.6,3.0,6.6
2022-09-20,North West,IBV,Duck,Suspected,3,17.5,85.6,0.1,11.6
2022-05-24,South West,IBV,Duck,Suspected,1,12.0,90.5,2.3,18.0
2022-12-12,East of England,H5N1,Wild Bird,Suspected,4,12.5,63.4,0.3,14.2
2023-09-16,South West,H5N1,Wild Bird,Suspected,5,12.2,75.3,0.1,22.8
2023-07-26,South West,H5N8,Wild Bird,Suspected,2,10.2,93.7,4.7,4.6
2022-01-02,East Midlands,H5N1,Duck,Confirmed,4,17.7,89.2,0.9,21.7
2022-10-31,South West,IBV,Chicken,Confirmed,5,-1.5,77.1,1.2,13.3
2022-09-11,North West,H5N8,Chicken,Confirmed,2,10.7,86.7,0.2,12.6
2023-10-14,London,H5N8,Wild Bird,Confirmed,2,15.6,89.2,0.6,7.2
2023-03-29,London,H5N8,Wild Bird,Suspected,6,0.5,72.2,4.4,17.3
2022-02-06,North East,IBV,Wild Bird,Suspected,0,14.2,91.2,2.0,5.9
2022-06-09,East of England,NDV,Wild Bird,Suspected,3,6.2,76.5,6.4,19.1
2022-01-09,East of England,IBV,Duck,Confirmed,3,10.5,78.5,1.5,7.4
2022-08-21,East Midlands,H5N1,Chicken,Suspected,4,6.1,95.0,0.9,8.2
2022-04-09,North West,H5N1,Wild Bird,Confirmed,10,14.8,89.5,1.3,9.0
2023-10-21,North East,IBV,Duck,Suspected,5,8.6,72.7,3.7,11.4
2022-07-27,East of England,IBV,Wild Bird,Suspected,4,14.2,60.4,2.4,19.7
2022-05-11,London,H5N8,Wild Bird,Confirmed,3,12.2,81.9,7.0,22.5
2023-02-08,South West,IBV,Chicken,Confirmed,1,6.0,84.6,2.8,11.9
2022-06-01,South West,H5N8,Wild Bird,Suspected,2,12.5,82.8,2.0,14.8
2022-02-23,North East,H5N1,Chicken,Suspected,4,6.7,93.9,4.6,17.4
2022-04-30,North West,H5N8,Chicken,Confirmed,4,10.3,90.2,8.8,13.4
2023-11-04,North West,IBV,Chicken,Suspected,2,8.5,75.7,1.3,17.3
2023-09-20,South East,H5N1,Duck,Suspected,1,14.5,62.2,0.9,15.0
2023-08-10,Yorkshire and the Humber,NDV,Duck,Confirmed,2,12.7,76.7,2.9,13.7
2023-09-17,East of England,H5N8,Chicken,Suspected,2,9.8,84.1,2.1,7.9
2023-02-24,North West,H5N1,Wild Bird,Confirmed,1,6.6,81.3,13.6,15.7
2023-02-26,London,H5N8,Chicken,Suspected,3,3.7,78.8,1.9,19.8
2022-04-14,North East,H5N1,Wild Bird,Confirmed,1,10.7,76.4,0.2,11.1
2022-09-11,South East,H5N1,Chicken,Suspected,1,6.8,70.3,11.4,5.2
2022-08-15,West Midlands,H5N8,Wild Bird,Confirmed,4,0.6,69.7,5.6,13.4
2022-04-22,East Midlands,NDV,Duck,Suspected,4,3.3,77.5,0.6,22.5
2023-05-25,West Midlands,H5N1,Wild Bird,Confirmed,3,18.1,65.6,7.0,21.1
2023-04-18,South West,H5N1,Chicken,Suspected,2,6.7,71.9,1.2,12.1
2022-04-09,East Midlands,H5N1,Duck,Suspected,4,15.4,71.3,1.4,17.3
2022-06-02,East of England,NDV,Wild Bird,Suspected,4,8.2,80.5,7.1,18.1
2022-12-04,London,NDV,Wild Bird,Suspected,5,16.2,62.3,2.3,22.5
2023-12-07,East Midlands,IBV,Wild Bird,Suspected,4,15.8,89.0,0.4,7.2
2022-06-12,Yorkshire and the Humber,H5N8,Wild Bird,Suspected,1,5.9,79.7,1.4,9.7
2023-12-21,West Midlands,NDV,Wild Bird,Suspected,2,0.1,83.5,3.8,5.0
2023-11-12,East of England,H5N8,Duck,Suspected,1,0.5,84.6,0.6,11.6
2022-06-10,Yorkshire and the Humber,IBV,Duck,Suspected,1,6.0,70.2,2.7,20.3
2023-08-03,South West,H5N8,Duck,Confirmed,4,19.4,76.5,3.6,12.2
2023-02-02,Yorkshire and the Humber,NDV,Duck,Confirmed,2,7.9,93.5,1.3,8.5
2022-10-04,South East,H5N8,Chicken,Suspected,2,10.7,86.8,3.6,16.1
2023-05-19,South East,NDV,Duck,Confirmed,3,16.5,93.9,6.5,16.3
2023-01-27,North East,H5N8,Wild Bird,Suspected,0,10.6,86.1,1.9,9.9
2022-05-15,East of England,NDV,Wild Bird,Suspected,2,10.4,66.1,1.4,12.5
2022-07-14,South West,NDV,Duck,Confirmed,1,13.1,62.3,0.9,15.8
2023-02-05,North West,H5N8,Wild Bird,Suspected,1,11.4,80.2,2.8,18.7
2023-10-02,South East,IBV,Duck,Suspected,6,9.5,72.5,6.4,11.8
2022-02-02,East of England,H5N1,Wild Bird,Confirmed,1,6.4,69.6,1.2,11.0
2023-11-19,North West,IBV,Chicken,Confirmed,2,10.4,88.3,1.5,24.6
2023-04-05,North East,H5N8,Chicken,Suspected,5,15.5,72.8,1.6,13.6
2023-04-15,Yorkshire and the Humber,IBV,Duck,Confirmed,2,18.9,71.1,2.5,16.2
2023-01-10,South East,NDV,Duck,Confirmed,0,11.5,89.7,0.8,18.2
2022-01-22,East of England,H5N1,Duck,Suspected,4,13.8,89.6,5.2,6.1
2023-11-01,East Midlands,H5N8,Wild Bird,Confirmed,5,11.3,72.5,1.1,14.9
2022-02-07,North West,H5N8,Duck,Confirmed,3,9.6,89.1,3.7,6.8
2022-08-18,Yorkshire and the Humber,H5N8,Chicken,Suspected,6,12.6,89.8,2.2,14.3
2022-12-31,South East,H5N1,Wild Bird,Confirmed,1,15.9,74.8,2.6,21.9
2023-07-17,South West,NDV,Duck,Confirmed,1,5.6,62.3,0.6,10.0
2023-03-14,North West,H5N8,Wild Bird,Suspected,2,2.7,60.1,4.0,6.7
2022-10-10,South East,IBV,Wild Bird,Suspected,2,7.3,78.3,0.6,24.4
2022-01-27,North West,H5N8,Duck,Suspected,4,11.1,72.0,0.4,9.3
2022-08-14,Yorkshire and the Humber,H5N8,Wild Bird,Confirmed,0,14.3,94.9,2.4,7.5
2022-10-04,South East,H5N8,Chicken,Suspected,1,5.1,87.0,3.7,23.1
2023-09-01,West Midlands,H5N8,Chicken,Suspected,4,-2.4,86.6,0.2,9.1
2022-10-11,East of England,NDV,Wild Bird,Confirmed,1,7.5,93.4,0.2,23.2
2023-04-26,Yorkshire and the Humber,IBV,Duck,Suspected,3,9.0,91.1,4.9,16.4
2023-03-29,North West,NDV,Wild Bird,Suspected,4,4.2,71.1,5.0,21.4
2023-10-21,South West,IBV,Chicken,Suspected,6,6.2,65.8,0.8,15.9
2023-05-31,East Midlands,H5N8,Wild Bird,Suspected,2,14.3,86.1,2.9,20.4
2023-07-01,North West,H5N1,Wild Bird,Confirmed,2,10.4,73.2,1.8,10.4
2022-07-11,East of England,NDV,Chicken,Suspected,3,11.7,76.6,3.0,11.9
2022-02-18,South East,H5N1,Wild Bird,Suspected,4,8.2,82.1,6.0,4.4
2023-05-27,East Midlands,NDV,Wild Bird,Confirmed,3,6.2,91.8,0.2,19.9
2022-01-17,London,H5N8,Duck,Suspected,3,8.2,74.7,4.5,17.1
2022-06-21,North West,NDV,Duck,Confirmed,3,12.5,87.4,2.0,10.0
2022-08-08,North East,H5N8,Chicken,Confirmed,2,2.5,69.4,2.5,6.3
2022-06-07,London,NDV,Chicken,Confirmed,5,18.3,84.4,3.2,16.4
2023-04-22,North West,H5N8,Chicken,Suspected,2,12.9,60.1,7.7,23.4
2022-02-15,West Midlands,H5N8,Duck,Confirmed,1,7.3,90.5,0.2,14.3
2023-01-08,North East,IBV,Chicken,Confirmed,3,14.1,61.1,0.1,11.7
2023-06-02,East Midlands,H5N8,Chicken,Confirmed,4,16.1,84.9,0.6,10.3
2022-04-09,South West,IBV,Chicken,Suspected,2,8.3,61.6,12.9,21.2
2022-02-06,West Midlands,H5N8,Duck,Suspected,2,8.9,69.3,3.8,11.1
2022-10-07,London,H5N1,Wild Bird,Suspected,2,17.5,77.4,2.9,13.1
2022-12-15,South East,H5N8,Chicken,Suspected,3,20.6,74.7,0.1,20.2
2023-05-12,East of England,H5N1,Wild Bird,Suspected,1,10.1,66.7,6.3,18.2
2022-10-29,South West,H5N1,Chicken,Suspected,2,4.2,71.7,5.0,13.3
2022-06-30,West Midlands,H5N8,Wild Bird,Suspected,0,7.6,85.5,3.3,11.5
2023-08-30,South East,H5N1,Duck,Confirmed,2,15.2,83.4,1.2,22.3
2022-04-09,South East,IBV,Duck,Confirmed,2,4.8,62.5,0.2,9.4
2023-12-01,North West,NDV,Chicken,Confirmed,2,9.0,86.2,2.6,13.9
2022-04-26,West Midlands,H5N8,Wild Bird,Confirmed,4,11.5,61.9,3.8,7.5
2022-07-10,East Midlands,H5N1,Duck,Suspected,2,5.4,79.0,0.3,20.9
2022-09-10,North East,H5N8,Chicken,Confirmed,3,15.5,69.1,3.0,12.6
2022-06-10,North East,IBV,Chicken,Confirmed,2,13.5,80.6,1.0,11.5
2022-09-13,London,H5N8,Duck,Confirmed,5,20.0,69.1,4.3,18.3
2022-11-19,London,H5N8,Duck,Confirmed,0,13.9,94.5,2.3,7.9
2022-05-08,North East,H5N1,Chicken,Suspected,4,5.2,70.8,0.4,18.2
2022-01-18,East Midlands,IBV,Wild Bird,Suspected,2,12.7,68.5,2.2,13.2
2023-07-20,East of England,NDV,Wild Bird,Suspected,6,14.9,69.7,1.5,9.0
2023-07-24,Yorkshire and the Humber,NDV,Wild Bird,Confirmed,2,15.2,91.4,0.6,10.0
2022-11-19,East of England,H5N1,Chicken,Suspected,2,6.1,82.3,5.5,11.6
2023-11-17,North West,H5N8,Duck,Confirmed,1,5.5,85.6,0.0,12.8
2023-09-18,Yorkshire and the Humber,H5N1,Chicken,Suspected,1,4.3,92.1,1.1,9.0
2022-10-15,Yorkshire and the Humber,H5N1,Duck,Suspected,2,18.0,91.9,0.0,16.5
2023-10-25,West Midlands,H5N1,Wild Bird,Suspected,1,13.1,85.9,0.3,8.9
2023-10-01,East Midlands,H5N8,Wild Bird,Suspected,5,5.9,66.9,1.1,3.2
2022-06-04,East Midlands,IBV,Duck,Suspected,3,10.6,89.5,0.2,24.6
2023-05-05,Yorkshire and the Humber,H5N1,Duck,Confirmed,2,9.4,67.1,2.7,16.0
2023-01-21,West Midlands,H5N8,Chicken,Suspected,3,5.1,86.0,0.3,25.0
2022-04-14,Yorkshire and the Humber,IBV,Wild Bird,Confirmed,2,10.2,84.0,3.6,9.8
2023-01-28,South West,H5N1,Chicken,Confirmed,2,11.0,86.6,0.2,17.4
2022-09-03,London,NDV,Chicken,Confirmed,1,19.7,78.6,0.2,19.5
2022-06-25,London,IBV,Chicken,Confirmed,7,6.7,82.4,1.1,14.1
2022-02-08,East of England,H5N1,Wild Bird,Confirmed,2,1.5,93.4,6.8,7.8
2023-04-22,North West,IBV,Chicken,Suspected,4,4.8,63.5,3.1,13.7
2023-11-13,London,IBV,Chicken,Suspected,6,5.5,70.8,4.4,18.1
2023-06-22,South East,IBV,Chicken,Suspected,3,7.9,81.4,0.5,17.9
2023-02-12,East of England,IBV,Chicken,Suspected,1,4.8,93.7,5.4,15.0
2023-06-09,London,IBV,Chicken,Confirmed,2,14.1,63.3,0.0,19.5
2023-05-21,North West,IBV,Chicken,Suspected,1,4.4,60.8,0.7,19.3
2022-02-05,East Midlands,H5N1,Wild Bird,Suspected,0,10.1,62.0,2.9,12.4
2023-11-16,East Midlands,NDV,Chicken,Confirmed,1,20.0,61.8,1.4,7.4
2022-01-20,Yorkshire and the Humber,H5N8,Duck,Confirmed,4,12.8,91.8,12.4,16.0
2022-11-17,South West,IBV,Chicken,Suspected,4,12.3,85.2,0.1,11.3
2023-05-27,East Midlands,H5N8,Chicken,Suspected,6,19.3,83.7,19.7,15.7
2023-02-04,West Midlands,H5N1,Wild Bird,Confirmed,1,16.2,78.3,2.9,21.7
2023-10-16,London,IBV,Wild Bird,Suspected,5,12.8,87.4,2.5,17.2
2023-04-16,West Midlands,NDV,Duck,Suspected,7,8.4,65.4,0.2,21.5
2022-05-23,North West,H5N8,Duck,Suspected,2,9.9,73.7,1.0,9.9
2022-04-02,East Midlands,IBV,Wild Bird,Suspected,2,9.6,77.2,7.8,20.4
2022-12-20,South West,H5N1,Wild Bird,Confirmed,1,8.0,63.9,1.3,23.4
2023-12-28,North West,NDV,Chicken,Confirmed,3,11.1,74.7,3.3,15.3
2022-02-20,South East,H5N8,Wild Bird,Confirmed,4,11.8,71.1,22.8,26.6
2023-10-27,South East,H5N8,Duck,Suspected,3,3.8,61.2,0.9,10.7
2023-11-29,West Midlands,IBV,Chicken,Suspected,2,18.2,64.8,2.6,11.8
2023-07-29,Yorkshire and the Humber,NDV,Duck,Suspected,2,12.0,86.7,3.6,18.2
2022-07-09,East of England,NDV,Chicken,Suspected,2,8.7,60.6,0.5,15.3
2022-05-05,Yorkshire and the Humber,NDV,Wild Bird,Suspected,4,11.1,92.7,0.5,11.3
2022-05-30,Yorkshire and the Humber,NDV,Duck,Confirmed,6,14.7,63.0,1.8,18.1
2022-11-10,South West,H5N1,Chicken,Suspected,1,2.7,88.0,1.5,16.8
2023-07-24,East Midlands,NDV,Chicken,Suspected,5,9.5,91.5,3.8,12.1
2022-12-08,South West,H5N8,Wild Bird,Confirmed,0,4.1,92.9,0.2,15.9
2022-11-01,North West,H5N8,Wild Bird,Suspected,4,23.3,90.4,10.7,18.8
2023-11-23,South East,H5N1,Wild Bird,Confirmed,4,10.7,70.1,0.0,12.0
2023-11-13,South West,H5N8,Duck,Confirmed,5,4.1,71.7,2.8,17.6
2022-02-23,North West,H5N8,Chicken,Confirmed,1,28.0,74.9,2.5,10.7
2023-03-20,South West,NDV,Wild Bird,Confirmed,5,7.3,64.9,0.4,11.6
2023-09-05,Yorkshire and the Humber,H5N8,Duck,Confirmed,2,9.0,60.8,0.5,20.6
2022-09-21,London,H5N1,Duck,Suspected,2,9.3,90.4,4.7,18.1
2022-02-22,West Midlands,NDV,Duck,Confirmed,6,5.8,79.4,6.6,5.6
2023-07-26,East of England,IBV,Wild Bird,Confirmed,1,11.2,81.3,1.0,13.1
2023-09-12,South West,NDV,Wild Bird,Suspected,3,-1.1,92.4,1.7,17.4
2022-01-05,East of England,H5N1,Chicken,Suspected,5,15.4,83.3,1.3,15.7
2022-04-13,North East,NDV,Chicken,Confirmed,3,4.4,84.2,0.2,18.1
2022-07-15,South West,NDV,Wild Bird,Suspected,0,7.9,87.5,3.4,15.6
2022-12-16,London,H5N1,Duck,Suspected,4,13.8,64.1,5.2,14.3
2022-02-16,East of England,NDV,Duck,Confirmed,2,9.0,72.6,1.1,14.2
2023-10-18,South West,H5N1,Duck,Confirmed,1,9.2,93.9,13.9,20.5
2022-09-26,East Midlands,H5N1,Chicken,Suspected,6,4.9,92.3,0.2,18.5
2023-01-05,West Midlands,IBV,Duck,Confirmed,5,20.5,90.9,3.3,17.0
2023-09-28,London,H5N8,Chicken,Confirmed,4,12.7,75.8,1.8,15.4
2022-04-16,East of England,H5N8,Chicken,Suspected,1,4.6,90.0,1.8,12.3
2023-11-01,London,NDV,Duck,Confirmed,2,10.9,61.7,1.8,13.5
2023-10-21,North West,NDV,Duck,Confirmed,2,4.2,65.2,0.9,20.3
2023-10-19,West Midlands,IBV,Wild Bird,Confirmed,2,18.6,74.5,3.8,19.9
2022-04-30,South West,IBV,Wild Bird,Confirmed,2,11.0,76.9,3.8,11.8
2023-08-27,South West,IBV,Duck,Confirmed,0,5.1,69.2,1.0,15.5
2022-02-27,South West,H5N1,Chicken,Suspected,8,13.5,72.5,5.4,17.5
2022-12-12,West Midlands,IBV,Chicken,Suspected,4,8.6,65.7,1.1,17.2
2023-04-19,East Midlands,IBV,Chicken,Confirmed,2,3.6,77.1,3.9,17.1
2022-04-27,North East,NDV,Chicken,Suspected,3,11.9,87.8,0.4,9.4
2022-05-07,South East,IBV,Chicken,Confirmed,4,11.8,83.1,0.6,9.1
2023-01-28,Yorkshire and the Humber,H5N1,Wild Bird,Confirmed,3,15.7,63.8,1.1,20.9
2023-10-03,East of England,H5N1,Duck,Confirmed,5,10.3,77.1,2.7,22.5
2022-02-27,East Midlands,NDV,Wild Bird,Confirmed,6,10.5,84.4,3.1,7.6
2023-09-26,East of England,IBV,Chicken,Confirmed,9,10.8,78.5,1.5,14.9
2023-05-28,South West,IBV,Chicken,Suspected,4,18.0,73.7,0.2,19.1
2022-04-06,London,H5N1,Chicken,Suspected,5,8.4,81.8,1.4,4.0
2023-09-30,East of England,IBV,Chicken,Confirmed,3,12.3,93.9,3.5,9.6
2022-04-28,South West,IBV,Duck,Suspected,2,13.1,63.3,3.3,14.5
2023-07-14,East of England,IBV,Chicken,Confirmed,1,11.7,73.7,0.5,12.0
2023-08-24,London,H5N8,Duck,Suspected,3,8.3,74.2,0.0,16.0
2023-05-03,South West,NDV,Chicken,Confirmed,2,10.6,80.2,4.2,22.4
2022-08-25,North East,H5N8,Duck,Suspected,3,9.5,65.3,0.3,10.7
2022-09-29,East Midlands,NDV,Wild Bird,Confirmed,3,19.8,66.2,0.3,15.3
2022-07-08,North West,H5N1,Chicken,Confirmed,4,7.7,70.0,0.0,13.3
2023-12-05,Yorkshire and the Humber,IBV,Duck,Suspected,1,5.4,93.5,1.7,15.7
2023-03-23,West Midlands,NDV,Wild Bird,Suspected,4,10.0,85.7,2.1,15.0
2023-08-04,Yorkshire and the Humber,H5N8,Chicken,Confirmed,2,9.6,83.2,3.0,28.2
2022-09-04,Yorkshire and the Humber,IBV,Chicken,Suspected,3,11.0,88.6,1.1,22.4
2022-03-17,South West,H5N1,Chicken,Confirmed,2,7.7,64.5,3.7,7.1
2022-06-03,North East,NDV,Duck,Suspected,2,10.6,90.1,0.6,10.5
2023-10-18,North West,NDV,Duck,Suspected,4,10.6,80.8,5.4,11.1
2023-03-11,East Midlands,NDV,Wild Bird,Confirmed,4,14.5,71.7,2.5,8.8
2022-03-27,East Midlands,IBV,Duck,Suspected,7,10.5,88.6,2.6,8.2
2023-11-28,London,H5N8,Duck,Suspected,0,10.5,88.1,0.7,14.1
2022-10-12,West Midlands,H5N8,Chicken,Confirmed,2,12.6,89.6,0.2,11.3
2022-08-08,East of England,NDV,Chicken,Suspected,1,14.3,64.0,1.9,10.5
2022-03-10,North East,H5N1,Chicken,Confirmed,5,5.1,93.9,2.9,25.1
2022-02-16,East of England,H5N1,Chicken,Confirmed,2,3.7,93.6,0.3,11.6
2022-04-04,North West,H5N8,Chicken,Confirmed,0,18.5,72.5,9.0,12.8
2023-03-29,Yorkshire and the Humber,H5N1,Chicken,Confirmed,1,13.5,62.3,11.8,18.7
2022-07-23,East Midlands,H5N8,Chicken,Confirmed,4,8.9,65.8,2.4,12.8
2022-08-06,North West,NDV,Wild Bird,Suspected,6,10.1,94.7,9.0,9.2
2023-04-19,Yorkshire and the Humber,H5N8,Wild Bird,Confirmed,1,8.0,79.7,0.6,13.7
2023-03-08,East Midlands,H5N8,Wild Bird,Confirmed,2,11.1,72.5,0.1,25.0
2022-12-07,Yorkshire and the Humber,NDV,Wild Bird,Suspected,4,5.1,70.1,0.1,12.6
2023-07-05,West Midlands,H5N1,Chicken,Suspected,5,14.2,69.0,2.7,10.4
2023-09-04,North East,H5N8,Wild Bird,Suspected,2,10.9,83.2,0.2,17.1
2022-10-16,North West,H5N8,Chicken,Confirmed,3,11.1,74.7,9.5,13.5
2022-09-11,North West,NDV,Wild Bird,Confirmed,4,5.5,93.8,0.5,28.7
2022-12-23,South East,H5N1,Duck,Confirmed,4,12.6,83.9,1.1,11.1
2022-01-23,South West,H5N8,Wild Bird,Suspected,2,5.6,87.7,5.2,23.7
2023-06-06,West Midlands,NDV,Wild Bird,Confirmed,6,6.5,70.2,0.7,20.8
2022-04-10,West Midlands,H5N8,Chicken,Suspected,3,10.4,62.8,0.8,13.1
2022-06-29,East of England,IBV,Wild Bird,Confirmed,1,22.5,77.1,3.1,15.0
2022-08-11,Yorkshire and the Humber,NDV,Duck,Suspected,4,10.9,71.0,1.0,9.9
2023-10-21,South West,H5N1,Chicken,Confirmed,1,-2.8,67.1,0.7,12.3
2023-03-18,North East,H5N1,Chicken,Confirmed,4,6.8,93.3,0.9,13.1
2023-08-31,North East,H5N1,Wild Bird,Confirmed,2,13.4,75.5,2.0,15.8
2022-11-21,West Midlands,H5N1,Chicken,Suspected,2,4.4,66.1,10.2,7.9
2023-05-31,North East,H5N8,Chicken,Suspected,2,14.2,67.0,5.4,16.6
2022-01-16,South East,H5N8,Chicken,Confirmed,3,10.8,69.8,1.0,14.3
2022-12-02,North West,H5N1,Chicken,Confirmed,6,15.0,95.0,1.4,17.0
2022-09-15,London,H5N1,Chicken,Confirmed,2,7.2,69.4,1.9,17.7
2023-05-12,East of England,H5N1,Chicken,Suspected,4,6.8,71.5,11.6,13.9
2022-06-09,Yorkshire and the Humber,H5N8,Duck,Confirmed,1,12.8,83.1,0.6,17.4
2023-04-20,Yorkshire and the Humber,H5N1,Wild Bird,Confirmed,0,10.0,70.3,1.3,14.6
2023-10-26,East Midlands,H5N1,Duck,Confirmed,1,9.7,67.6,3.9,18.7
2023-11-21,London,IBV,Chicken,Confirmed,3,17.8,65.6,10.0,16.6
2023-11-06,West Midlands,IBV,Chicken,Suspected,3,13.0,70.9,0.5,15.9
2023-01-15,South East,H5N1,Wild Bird,Suspected,3,0.1,63.7,0.8,14.5
2023-06-29,North West,NDV,Duck,Confirmed,4,14.0,60.7,0.8,21.5
2023-11-22,North West,H5N1,Wild Bird,Confirmed,4,13.5,88.2,0.1,17.0
2023-03-03,South East,IBV,Duck,Suspected,3,15.9,64.8,2.8,8.4
2023-09-05,South West,NDV,Chicken,Suspected,4,5.3,87.2,3.3,12.6
2022-09-25,East Midlands,NDV,Wild Bird,Confirmed,3,11.6,87.9,2.8,13.9
2023-07-31,Yorkshire and the Humber,H5N1,Wild Bird,Suspected,5,10.6,78.8,0.2,15.0
2023-02-21,London,IBV,Chicken,Suspected,4,5.2,70.8,0.2,15.9
2022-06-17,North East,IBV,Wild Bird,Confirmed,1,14.7,65.1,0.7,10.3
2022-02-12,East Midlands,NDV,Duck,Suspected,1,8.8,85.8,1.0,14.7
2023-07-10,London,H5N1,Duck,Suspected,1,15.8,81.0,4.6,13.4
2022-10-12,East of England,H5N8,Duck,Confirmed,2,6.3,82.9,0.5,20.4
2023-02-01,East of England,H5N8,Duck,Confirmed,2,2.7,60.3,0.1,10.0
2022-01-12,East Midlands,IBV,Chicken,Suspected,4,8.8,92.5,1.5,14.9
2023-08-30,West Midlands,H5N8,Wild Bird,Confirmed,2,11.2,62.3,1.6,11.6
2022-10-29,London,IBV,Duck,Suspected,3,7.3,72.8,1.8,24.3
2022-09-10,London,IBV,Chicken,Confirmed,4,-5.3,74.1,5.3,21.3
2023-05-14,South East,IBV,Wild Bird,Suspected,4,11.9,60.0,0.3,6.8
2022-02-04,West Midlands,H5N8,Wild Bird,Confirmed,4,11.9,77.4,3.7,11.0
2023-12-28,Yorkshire and the Humber,IBV,Chicken,Suspected,5,13.4,86.3,1.2,19.4
2022-03-31,Yorkshire and the Humber,NDV,Chicken,Suspected,3,8.1,88.8,1.1,17.3
2023-08-28,North East,H5N1,Duck,Suspected,6,7.8,90.8,8.1,17.1
2023-08-25,North West,H5N1,Wild Bird,Confirmed,2,17.2,77.1,0.9,16.0
2023-02-22,East of England,IBV,Wild Bird,Confirmed,4,2.1,82.1,3.1,19.8
2022-04-25,Yorkshire and the Humber,H5N1,Chicken,Suspected,3,8.8,62.8,1.0,18.9
2023-09-09,West Midlands,H5N8,Wild Bird,Suspected,2,10.7,77.1,2.1,13.5
2022-07-15,London,H5N8,Duck,Confirmed,5,13.0,65.4,4.6,9.0
2023-05-16,Yorkshire and the Humber,H5N1,Wild Bird,Confirmed,2,10.8,72.9,6.4,6.5
2023-09-18,London,H5N8,Chicken,Confirmed,1,5.4,71.5,5.5,14.5
2023-05-08,Yorkshire and the Humber,H5N1,Chicken,Confirmed,2,15.8,74.8,2.6,5.8
2022-03-16,East of England,H5N1,Duck,Confirmed,2,10.0,80.0,0.9,16.3
2023-02-17,Yorkshire and the Humber,H5N1,Duck,Confirmed,6,1.7,91.6,3.2,13.5
2023-01-11,West Midlands,IBV,Wild Bird,Suspected,2,11.0,73.8,3.7,24.7
2023-02-24,Yorkshire and the Humber,H5N1,Wild Bird,Confirmed,3,12.4,94.3,0.0,16.7
2023-12-30,North West,IBV,Chicken,Suspected,3,19.8,86.6,1.7,14.9
2022-10-04,East of England,H5N1,Duck,Confirmed,4,12.0,77.9,5.6,6.9
2023-11-07,West Midlands,H5N1,Duck,Confirmed,2,2.6,82.5,2.0,8.7
2023-01-29,South East,H5N1,Duck,Suspected,2,2.8,63.6,1.1,18.4
2023-04-02,West Midlands,H5N8,Wild Bird,Suspected,3,16.3,89.6,6.2,13.4
2022-07-11,North West,IBV,Duck,Confirmed,4,6.0,80.4,0.5,27.7
2023-11-20,East of England,IBV,Chicken,Suspected,5,2.3,94.5,0.7,14.6
2022-04-09,South East,H5N1,Chicken,Suspected,6,15.0,82.3,3.5,15.8
2023-07-02,North West,H5N1,Wild Bird,Suspected,0,7.6,89.2,1.3,8.4
2022-04-06,North West,H5N8,Wild Bird,Suspected,3,14.7,88.0,3.7,19.7
2023-10-26,East Midlands,H5N8,Duck,Confirmed,2,5.4,72.1,0.5,10.4
2023-10-25,East of England,H5N8,Wild Bird,Suspected,5,17.4,69.1,0.9,17.6
2022-07-09,West Midlands,IBV,Chicken,Confirmed,4,14.4,75.1,0.5,19.1
2022-02-06,London,IBV,Duck,Confirmed,1,6.4,76.4,9.2,15.5
2023-01-04,London,IBV,Chicken,Confirmed,1,1.7,68.4,1.6,23.8
2023-11-26,West Midlands,H5N1,Duck,Confirmed,2,21.5,91.3,1.2,11.9
2023-06-09,West Midlands,IBV,Wild Bird,Suspected,2,8.9,79.0,0.0,23.4
2022-10-06,East of England,NDV,Duck,Suspected,2,6.2,94.2,0.5,8.6
2022-08-05,West Midlands,NDV,Duck,Confirmed,3,16.9,88.4,1.6,19.0
2022-09-30,East Midlands,H5N8,Chicken,Confirmed,0,14.7,79.4,0.2,14.3
2022-03-03,South East,IBV,Chicken,Confirmed,0,15.9,93.1,2.1,11.5
2023-08-19,West Midlands,NDV,Duck,Confirmed,3,9.5,77.7,1.8,6.7
2023-12-30,London,H5N8,Wild Bird,Suspected,2,19.4,91.0,4.4,13.7
2022-12-08,West Midlands,IBV,Wild Bird,Confirmed,5,3.4,72.5,3.2,13.4
2023-02-01,East Midlands,H5N1,Chicken,Suspected,4,7.2,73.3,1.8,15.9
2023-11-30,Yorkshire and the Humber,NDV,Wild Bird,Confirmed,1,11.9,74.6,0.8,18.6
2022-01-19,Yorkshire and the Humber,H5N1,Chicken,Confirmed,4,15.8,79.1,3.9,11.0
2022-06-26,North West,IBV,Wild Bird,Confirmed,6,13.3,79.4,3.7,23.8
2023-09-04,North East,NDV,Duck,Confirmed,2,9.6,77.4,0.5,12.3
2023-01-31,South East,IBV,Chicken,Suspected,1,7.6,70.7,7.4,18.0
2023-03-21,South West,H5N1,Chicken,Suspected,4,15.9,92.5,0.2,15.5
2022-08-21,North West,NDV,Duck,Suspected,6,13.8,80.6,0.2,14.0
2022-03-17,Yorkshire and the Humber,H5N1,Chicken,Confirmed,2,5.6,74.3,0.6,15.2
2022-09-22,London,IBV,Wild Bird,Confirmed,5,5.5,82.8,7.2,10.3
2023-03-31,South West,IBV,Wild Bird,Suspected,2,7.3,86.9,2.2,13.1
2023-12-19,North West,H5N1,Chicken,Suspected,1,6.6,93.6,4.7,8.3
2023-01-19,South West,NDV,Wild Bird,Confirmed,1,15.1,77.5,0.8,12.3
2023-07-18,East of England,H5N1,Chicken,Confirmed,1,12.2,63.9,2.0,12.7
2023-05-21,North East,IBV,Duck,Suspected,1,12.8,75.4,1.3,19.2
2023-01-02,East of England,H5N1,Chicken,Confirmed,2,11.0,76.8,5.3,13.3
2022-05-24,South West,IBV,Duck,Confirmed,2,11.2,91.4,0.1,12.8
2022-03-10,East of England,H5N1,Wild Bird,Suspected,1,2.1,73.8,0.8,16.1
2022-04-09,East Midlands,NDV,Duck,Confirmed,1,14.0,93.4,0.5,15.9
2023-01-31,Yorkshire and the Humber,NDV,Wild Bird,Suspected,3,7.2,77.0,5.9,12.0
2022-01-25,East Midlands,H5N1,Chicken,Confirmed,3,9.8,94.1,1.9,17.0
2023-04-14,West Midlands,H5N1,Wild Bird,Suspected,1,7.6,60.3,1.6,14.1
2023-04-29,East of England,NDV,Chicken,Confirmed,3,10.7,91.5,1.8,12.0
2023-07-19,West Midlands,IBV,Chicken,Suspected,4,12.9,92.6,10.7,12.5
2022-05-31,London,NDV,Duck,Suspected,3,5.0,93.6,5.7,19.7
2022-05-24,South East,IBV,Duck,Suspected,3,11.3,60.5,3.7,12.7
2023-07-23,London,H5N1,Duck,Suspected,5,7.8,66.0,1.0,16.3
2022-02-08,South West,H5N1,Duck,Confirmed,2,16.6,82.9,0.5,8.6
2022-04-19,Yorkshire and the Humber,IBV,Wild Bird,Confirmed,1,4.4,60.9,7.6,20.6
2023-11-24,East of England,H5N1,Wild Bird,Suspected,1,5.0,62.2,1.7,12.1
2022-02-11,North West,IBV,Wild Bird,Confirmed,3,8.2,67.7,1.0,17.0
2022-07-05,South East,H5N8,Chicken,Confirmed,2,5.4,77.9,1.9,13.7
2023-02-02,North East,NDV,Wild Bird,Confirmed,6,8.9,79.1,7.5,16.9
2022-08-11,North East,H5N8,Wild Bird,Confirmed,0,7.4,61.2,1.5,17.2
2023-09-26,North East,IBV,Wild Bird,Confirmed,3,10.4,66.0,2.5,14.3
2022-05-13,East of England,NDV,Duck,Suspected,4,15.0,77.5,4.9,5.7
2022-06-12,North East,IBV,Wild Bird,Suspected,5,10.4,80.8,1.7,20.5
2022-08-03,East Midlands,NDV,Chicken,Suspected,1,10.8,65.2,0.8,14.3
2022-08-23,South East,NDV,Duck,Suspected,2,4.7,74.0,15.6,16.8
2023-10-20,East Midlands,NDV,Chicken,Confirmed,2,9.3,91.7,9.4,18.5
2023-08-11,South East,NDV,Wild Bird,Confirmed,2,7.9,95.0,5.6,12.7
2022-01-09,East Midlands,IBV,Duck,Suspected,4,13.4,94.6,3.5,17.6
2022-03-15,South East,NDV,Chicken,Confirmed,3,6.2,90.9,1.0,11.3
2023-05-07,West Midlands,NDV,Wild Bird,Confirmed,2,5.7,73.8,7.3,16.9
2022-09-10,East of England,H5N8,Chicken,Suspected,1,11.6,84.0,1.0,15.1
2022-08-18,East of England,H5N1,Chicken,Confirmed,2,19.9,74.6,4.8,12.9
2023-06-03,North East,H5N1,Chicken,Suspected,4,9.1,82.7,7.5,15.2
2022-06-23,London,H5N8,Wild Bird,Suspected,3,10.8,70.8,2.8,9.7
2023-10-15,North East,H5N8,Wild Bird,Confirmed,4,14.7,81.2,4.9,16.5
2022-06-17,South West,IBV,Chicken,Confirmed,2,12.5,78.3,4.7,17.1
2022-06-19,East Midlands,IBV,Duck,Suspected,3,12.6,60.9,0.6,16.7
2023-01-28,South East,IBV,Duck,Suspected,0,9.5,87.7,3.3,22.5
2023-09-26,London,H5N8,Wild Bird,Confirmed,3,9.6,60.4,0.3,14.5
2022-07-13,South West,H5N8,Wild Bird,Suspected,3,6.2,70.3,2.1,14.9
2023-06-01,East of England,NDV,Wild Bird,Suspected,3,12.4,60.2,0.5,9.1
2022-01-29,East of England,IBV,Wild Bird,Suspected,1,12.3,73.2,1.6,22.9
2022-06-14,North East,IBV,Wild Bird,Confirmed,3,13.6,62.2,5.4,7.5
2023-02-26,East Midlands,IBV,Duck,Suspected,1,7.6,92.0,13.1,16.1
2022-12-05,London,H5N1,Wild Bird,Confirmed,4,14.2,74.5,1.1,11.9
2023-10-10,Yorkshire and the Humber,NDV,Chicken,Suspected,0,15.7,76.1,2.3,15.3
2023-05-11,South West,IBV,Chicken,Confirmed,4,3.9,72.2,2.1,8.5
2022-12-31,South West,IBV,Duck,Suspected,3,8.5,82.0,9.3,19.5
2022-12-08,North East,IBV,Chicken,Confirmed,2,15.9,87.5,2.0,10.2
2023-05-15,East of England,H5N1,Duck,Confirmed,2,6.8,82.7,3.6,20.8
2023-10-19,North East,H5N1,Duck,Confirmed,4,12.6,86.2,7.6,10.4
2023-05-26,South East,H5N8,Chicken,Suspected,3,10.0,91.7,1.4,19.9
2022-11-23,London,NDV,Wild Bird,Suspected,3,11.7,90.2,7.0,10.8
2022-08-05,East Midlands,H5N8,Chicken,Suspected,3,10.2,83.6,7.5,11.9
2022-10-28,West Midlands,NDV,Chicken,Confirmed,7,13.7,67.5,8.0,15.0
2022-05-12,North West,H5N1,Duck,Suspected,6,4.9,82.3,0.9,10.8
2022-03-11,North West,IBV,Chicken,Confirmed,2,5.4,77.7,1.5,10.6
2022-09-09,North East,H5N8,Duck,Suspected,0,17.3,85.1,6.1,10.8
2023-02-19,South East,IBV,Wild Bird,Confirmed,3,20.5,89.2,1.3,16.6
2023-03-21,London,H5N8,Wild Bird,Confirmed,4,10.0,86.0,2.8,15.0
2022-07-01,Yorkshire and the Humber,H5N1,Wild Bird,Confirmed,1,18.6,89.6,0.4,15.3
2022-06-16,North West,H5N1,Chicken,Suspected,1,6.1,62.2,0.2,13.4
2022-04-01,London,H5N1,Duck,Suspected,6,7.3,61.1,1.6,17.7
2023-12-15,East Midlands,H5N8,Wild Bird,Suspected,8,17.3,69.0,2.6,20.3
2023-06-15,South East,NDV,Duck,Confirmed,1,14.0,91.5,1.5,17.9
2022-02-08,East of England,H5N8,Duck,Confirmed,2,18.0,88.8,2.6,14.0
2022-05-06,London,NDV,Wild Bird,Suspected,4,12.3,83.9,2.2,8.9
2023-03-27,East Midlands,H5N8,Wild Bird,Suspected,4,4.9,84.5,3.5,5.1
2022-06-22,Yorkshire and the Humber,H5N8,Duck,Suspected,4,11.1,85.4,3.1,14.7
2023-10-15,West Midlands,H5N1,Wild Bird,Confirmed,2,16.0,93.0,1.7,5.0
2022-08-08,East of England,IBV,Duck,Confirmed,5,9.3,89.1,1.7,14.0
2023-09-30,West Midlands,IBV,Duck,Confirmed,5,8.6,81.8,0.5,22.0
2022-02-27,Yorkshire and the Humber,NDV,Wild Bird,Confirmed,2,12.4,83.3,2.2,9.2
2023-10-22,East Midlands,IBV,Chicken,Confirmed,2,7.2,67.5,2.7,8.6
2023-04-21,North West,H5N8,Wild Bird,Suspected,6,11.5,83.0,1.9,18.2
2023-04-01,West Midlands,H5N8,Chicken,Confirmed,7,10.3,74.9,1.2,1.0
2022-12-27,East of England,H5N1,Duck,Confirmed,2,7.5,65.4,3.8,16.9
2022-01-01,North East,H5N1,Duck,Confirmed,3,14.9,88.2,0.2,22.3
2023-01-22,South West,IBV,Chicken,Confirmed,2,13.2,77.9,7.4,10.6
2022-12-14,London,NDV,Duck,Confirmed,6,8.2,94.2,0.1,9.8
2022-07-09,North West,IBV,Chicken,Suspected,1,9.9,69.9,9.8,18.0
2023-05-20,West Midlands,IBV,Chicken,Confirmed,4,8.6,76.8,1.9,9.1
2022-07-10,London,IBV,Duck,Confirmed,1,6.8,75.7,1.6,19.1
2023-05-23,North East,IBV,Chicken,Confirmed,1,1.5,64.2,0.9,9.6
2023-01-04,Yorkshire and the Humber,H5N8,Wild Bird,Suspected,3,7.6,74.9,0.0,23.8
2023-02-13,South West,NDV,Wild Bird,Suspected,4,6.9,70.1,1.0,18.3
2022-04-27,East Midlands,H5N8,Duck,Suspected,5,10.6,65.6,0.3,15.2
2022-05-14,North East,NDV,Duck,Confirmed,2,12.2,69.9,3.2,23.6
2022-02-27,North East,H5N1,Chicken,Suspected,4,6.0,68.2,1.2,20.2
2023-07-10,Yorkshire and the Humber,IBV,Chicken,Confirmed,3,11.9,85.7,4.4,16.8
2023-11-16,South East,H5N8,Chicken,Confirmed,3,5.2,61.1,0.7,5.7
2023-11-03,Yorkshire and the Humber,NDV,Chicken,Suspected,1,9.4,81.6,6.9,11.5
2022-06-22,South East,H5N1,Wild Bird,Confirmed,4,7.0,86.6,2.2,20.4
2022-05-29,South East,H5N1,Wild Bird,Confirmed,1,13.7,76.8,0.4,8.5
2022-03-21,North West,IBV,Duck,Confirmed,4,10.6,92.6,1.5,11.2
2022-08-01,North West,NDV,Chicken,Suspected,1,9.4,84.8,0.7,9.9
2022-07-22,East of England,H5N8,Chicken,Confirmed,1,6.9,86.2,0.7,17.0
2022-08-17,West Midlands,IBV,Duck,Confirmed,2,8.4,66.9,2.1,19.8
2023-11-07,West Midlands,H5N8,Chicken,Suspected,0,19.1,87.2,3.3,19.8
2022-08-15,East Midlands,H5N1,Chicken,Confirmed,1,7.5,89.1,7.3,10.7
2023-10-21,West Midlands,H5N8,Chicken,Confirmed,2,12.4,72.6,2.1,16.9
2023-06-16,North West,H5N8,Chicken,Suspected,2,9.4,67.5,10.1,10.5
2023-03-17,East of England,IBV,Chicken,Confirmed,0,12.3,73.5,8.5,13.9
2023-02-06,East of England,H5N8,Duck,Confirmed,3,14.2,85.9,6.0,17.6
2022-02-16,South East,IBV,Chicken,Confirmed,3,8.2,74.6,2.1,20.3
2022-08-21,Yorkshire and the Humber,H5N1,Duck,Confirmed,3,13.5,85.8,0.5,4.3
2022-11-01,East Midlands,IBV,Chicken,Confirmed,1,23.8,64.0,0.7,15.5
2023-06-10,South East,IBV,Wild Bird,Suspected,1,12.8,88.2,3.1,22.0
2022-05-23,Yorkshire and the Humber,NDV,Wild Bird,Suspected,6,18.1,68.9,1.6,16.2
2023-02-19,West Midlands,H5N8,Wild Bird,Suspected,0,12.4,68.7,0.5,15.4
2023-05-28,South East,H5N1,Wild Bird,Suspected,2,5.3,80.7,2.0,12.2
2023-01-08,London,IBV,Duck,Confirmed,4,11.4,62.5,0.1,21.9
2023-07-20,West Midlands,H5N1,Duck,Confirmed,5,8.3,60.9,4.0,12.4
2022-09-16,Yorkshire and the Humber,NDV,Chicken,Confirmed,3,7.0,69.1,0.2,14.5
2023-10-18,East Midlands,H5N8,Wild Bird,Confirmed,2,9.6,78.8,3.0,12.6
2023-04-16,Yorkshire and the Humber,IBV,Duck,Confirmed,2,9.2,91.8,4.7,15.5
2022-01-12,South East,H5N8,Chicken,Suspected,4,4.7,89.6,0.4,22.1
2022-11-26,South East,NDV,Chicken,Suspected,4,23.5,77.2,2.2,10.5
2022-12-24,North East,NDV,Duck,Confirmed,1,14.0,61.3,4.5,15.6
2023-02-12,East Midlands,H5N1,Wild Bird,Confirmed,5,11.2,78.7,0.9,17.0
2023-10-30,West Midlands,IBV,Chicken,Confirmed,1,10.4,84.7,0.5,10.9
2023-01-08,East of England,H5N1,Wild Bird,Suspected,4,16.0,71.9,1.2,14.7
2022-01-08,East Midlands,NDV,Wild Bird,Confirmed,2,20.4,63.9,2.4,24.3
2022-05-02,East of England,H5N8,Wild Bird,Confirmed,5,13.4,69.7,2.6,6.2
2022-12-14,East Midlands,H5N1,Chicken,Confirmed,2,10.6,87.0,0.4,12.9
2023-11-07,East Midlands,H5N1,Wild Bird,Suspected,6,17.4,72.3,1.8,16.3
2022-03-31,Yorkshire and the Humber,H5N8,Chicken,Confirmed,2,10.7,88.4,0.9,13.1
2023-10-10,East Midlands,H5N1,Wild Bird,Suspected,1,12.2,71.2,5.5,29.4
2023-11-29,North East,H5N8,Chicken,Suspected,3,15.0,65.7,1.1,17.7
2022-11-12,South East,IBV,Wild Bird,Suspected,4,8.1,75.3,5.5,9.8
2022-06-27,South West,H5N8,Duck,Suspected,3,-0.4,75.8,1.7,3.3
2023-06-24,East of England,IBV,Wild Bird,Suspected,5,7.8,60.6,3.9,16.7
2022-02-10,South East,H5N8,Wild Bird,Suspected,4,13.9,64.1,2.1,11.2
2023-12-05,South West,NDV,Chicken,Confirmed,3,13.5,66.5,2.9,21.4
2023-05-17,East of England,NDV,Chicken,Confirmed,1,16.7,64.0,1.5,13.6
2022-05-25,East of England,IBV,Wild Bird,Confirmed,3,8.0,72.0,4.4,12.2
2022-07-20,South West,IBV,Duck,Suspected,1,17.9,93.8,1.7,12.1
2023-12-25,East Midlands,NDV,Duck,Confirmed,1,10.9,77.8,1.8,19.9
2023-04-06,West Midlands,IBV,Chicken,Suspected,4,13.0,82.0,2.2,17.1
2023-07-12,London,H5N8,Duck,Suspected,3,14.5,72.5,5.3,23.8
2023-07-01,South East,H5N8,Wild Bird,Suspected,3,3.1,71.3,3.2,13.9
2022-09-10,Yorkshire and the Humber,NDV,Chicken,Confirmed,2,5.0,60.8,1.3,19.3
2023-01-25,South East,H5N1,Wild Bird,Suspected,6,4.8,77.5,3.3,19.4
2023-08-17,Yorkshire and the Humber,H5N8,Chicken,Suspected,3,15.4,76.9,3.1,18.4
2022-09-13,South West,IBV,Chicken,Confirmed,1,8.5,65.5,8.0,12.5
2023-12-10,Yorkshire and the Humber,H5N1,Chicken,Confirmed,4,20.1,86.8,5.5,17.4
2023-03-26,East of England,H5N1,Chicken,Suspected,0,10.0,77.2,3.1,14.5
2022-01-10,West Midlands,H5N8,Duck,Suspected,5,2.6,71.9,1.3,14.4
2022-08-30,West Midlands,H5N8,Wild Bird,Confirmed,5,6.6,65.1,4.5,11.0
2022-09-08,East of England,H5N1,Wild Bird,Confirmed,1,10.6,79.3,2.6,4.4
2022-01-05,North East,H5N1,Wild Bird,Confirmed,1,12.6,86.3,12.7,21.2
2022-04-29,South West,NDV,Chicken,Suspected,2,5.1,69.9,0.9,17.2
2023-01-09,North East,IBV,Duck,Confirmed,4,12.8,67.7,0.2,8.3
2022-03-06,North East,NDV,Wild Bird,Confirmed,3,14.2,78.3,0.2,18.6
2022-05-26,South East,H5N8,Duck,Confirmed,4,6.8,65.4,3.1,21.3
2022-08-12,South East,NDV,Chicken,Suspected,4,19.8,83.3,8.4,18.9
2022-08-27,London,NDV,Wild Bird,Confirmed,3,7.3,81.2,0.0,10.5
2022-06-26,Yorkshire and the Humber,NDV,Duck,Confirmed,1,5.0,63.0,3.9,11.3
2022-10-09,East of England,NDV,Chicken,Confirmed,3,2.4,61.3,3.2,12.3
2022-03-04,South East,IBV,Duck,Confirmed,2,16.1,81.7,4.0,19.3
2022-08-05,South West,IBV,Wild Bird,Confirmed,3,10.1,70.3,1.3,17.4
2023-11-20,Yorkshire and the Humber,H5N1,Wild Bird,Suspected,4,7.6,63.0,5.2,29.0
2023-04-06,London,H5N8,Chicken,Suspected,4,2.6,86.6,0.1,6.8
2023-09-02,London,NDV,Chicken,Suspected,4,8.1,71.0,4.2,14.7
2022-04-15,South West,H5N1,Chicken,Confirmed,0,21.9,76.1,0.9,5.4
2022-04-09,North East,H5N1,Duck,Suspected,0,-0.7,68.3,1.9,18.0
2023-05-26,West Midlands,H5N1,Duck,Suspected,7,6.8,82.0,5.2,20.3
2023-01-20,South West,IBV,Duck,Suspected,3,19.0,70.6,0.9,22.2
2023-02-09,North West,NDV,Chicken,Confirmed,4,16.2,93.9,0.6,15.9
2023-06-02,South West,NDV,Wild Bird,Confirmed,4,7.1,84.6,3.4,5.4
2023-04-21,London,H5N8,Wild Bird,Suspected,3,11.0,64.8,2.3,14.7
2023-12-10,East of England,NDV,Duck,Suspected,5,12.3,74.6,2.2,17.2
2023-10-07,South East,NDV,Duck,Confirmed,1,10.7,73.5,0.9,10.0
2023-03-13,East of England,H5N1,Wild Bird,Confirmed,4,18.9,78.7,0.1,13.7
2022-01-23,London,H5N8,Wild Bird,Suspected,1,11.7,89.5,1.6,8.6
2023-07-19,South East,NDV,Duck,Confirmed,4,15.7,80.4,0.3,11.9
2023-11-08,North West,IBV,Duck,Suspected,4,10.9,62.2,7.1,19.6
2023-12-15,West Midlands,NDV,Wild Bird,Confirmed,1,-0.2,82.9,0.1,18.4
2023-04-03,Yorkshire and the Humber,H5N1,Chicken,Suspected,2,4.0,60.3,1.7,8.0
2022-03-24,London,IBV,Duck,Suspected,3,5.1,87.3,0.2,11.5
2022-05-25,London,H5N1,Wild Bird,Confirmed,2,8.8,83.3,0.3,15.3
2022-03-26,London,NDV,Wild Bird,Suspected,4,20.4,70.8,3.2,16.1
2022-03-19,South East,IBV,Wild Bird,Suspected,2,11.8,70.2,3.1,11.7
2023-04-02,East Midlands,H5N8,Wild Bird,Suspected,8,9.5,87.9,0.1,17.4
2022-01-01,South West,H5N8,Chicken,Confirmed,4,16.2,87.4,0.0,14.8
2022-02-20,East Midlands,IBV,Wild Bird,Confirmed,4,2.7,72.3,0.2,2.1
2023-11-16,North West,IBV,Duck,Confirmed,1,7.6,70.5,4.3,12.1
2023-12-18,West Midlands,H5N1,Chicken,Suspected,3,6.8,79.6,2.6,12.0
2023-03-22,North East,IBV,Wild Bird,Confirmed,3,12.0,60.3,0.1,18.4
2023-03-25,North West,H5N1,Chicken,Suspected,3,14.5,62.9,2.0,18.5
2023-05-03,North East,NDV,Duck,Suspected,7,12.4,64.4,3.7,6.6
2022-02-03,North East,H5N1,Wild Bird,Confirmed,3,12.4,66.5,6.1,17.2
2022-12-14,West Midlands,IBV,Duck,Confirmed,2,8.2,77.9,8.2,14.6
2022-04-05,East of England,IBV,Wild Bird,Suspected,1,11.6,94.7,1.2,15.6
2022-03-13,East Midlands,NDV,Wild Bird,Suspected,3,5.8,82.8,0.4,11.9
2023-07-05,London,IBV,Wild Bird,Confirmed,3,13.4,62.1,0.8,14.7
2022-06-03,Yorkshire and the Humber,IBV,Wild Bird,Confirmed,0,7.5,78.4,4.5,20.8
2022-09-07,North East,H5N8,Wild Bird,Confirmed,3,4.4,77.4,10.7,15.6
2023-11-05,North West,H5N8,Chicken,Suspected,5,10.2,65.0,1.9,14.8
2023-03-14,East of England,NDV,Wild Bird,Suspected,4,0.4,92.2,1.1,12.6
2022-04-28,North East,H5N1,Wild Bird,Suspected,4,17.4,75.4,1.7,20.3
2022-11-02,East of England,H5N8,Chicken,Suspected,5,14.0,94.8,1.1,8.6
2022-09-25,East of England,H5N1,Chicken,Suspected,2,11.7,74.7,0.9,11.0
2022-02-23,North East,IBV,Chicken,Confirmed,3,1.9,81.3,2.7,8.3
2022-08-24,South East,H5N8,Chicken,Confirmed,3,6.5,63.7,0.0,16.0
2023-01-24,South West,NDV,Chicken,Suspected,4,10.2,75.9,0.9,20.9
2023-02-05,London,NDV,Chicken,Suspected,1,8.7,68.4,3.2,13.4
2023-09-16,London,NDV,Wild Bird,Confirmed,2,1.6,89.2,0.1,9.7
2022-10-30,South East,H5N8,Wild Bird,Confirmed,3,3.4,87.4,0.3,23.2
2022-07-26,London,H5N1,Duck,Confirmed,2,8.6,88.8,1.0,17.3
2022-08-17,East of England,IBV,Wild Bird,Confirmed,3,3.6,85.3,6.3,16.4
2023-08-01,West Midlands,H5N1,Wild Bird,Suspected,5,16.9,89.1,4.3,14.0
2022-03-16,North West,H5N1,Chicken,Confirmed,1,12.5,67.0,0.1,18.3
2023-03-11,East Midlands,IBV,Chicken,Suspected,1,6.0,75.8,2.1,16.3
2022-04-13,London,IBV,Wild Bird,Confirmed,1,15.8,84.2,1.0,12.6
2023-02-26,West Midlands,H5N8,Duck,Confirmed,1,14.8,82.3,3.1,13.4
2023-12-05,North East,H5N8,Chicken,Confirmed,1,11.4,85.1,3.8,9.9
2022-11-02,South West,H5N8,Wild Bird,Suspected,1,9.8,67.8,6.0,9.3
2022-04-08,East of England,H5N8,Wild Bird,Suspected,3,8.5,63.4,1.9,13.5
2022-12-01,South West,H5N8,Duck,Confirmed,2,7.3,92.1,15.6,20.8
2023-03-11,North West,IBV,Duck,Suspected,5,3.3,79.6,11.7,9.8
2023-03-23,North West,H5N1,Chicken,Suspected,5,17.6,65.4,6.4,19.2
2022-11-04,South East,H5N8,Duck,Confirmed,2,7.4,87.8,2.6,11.0
2022-09-06,Yorkshire and the Humber,H5N8,Wild Bird,Confirmed,2,10.1,92.0,1.5,6.1
2022-06-15,South East,H5N1,Wild Bird,Suspected,4,5.4,65.9,1.4,17.7
2023-04-26,West Midlands,H5N8,Duck,Suspected,0,8.7,88.6,0.0,23.1
2022-12-01,South West,H5N1,Duck,Suspected,2,24.3,92.7,0.9,10.7
2023-06-26,Yorkshire and the Humber,H5N1,Duck,Confirmed,3,6.4,92.8,3.8,7.2
2022-04-16,North East,IBV,Duck,Confirmed,3,17.2,92.0,2.8,17.3
2023-07-17,East of England,NDV,Chicken,Suspected,3,9.9,79.1,7.4,10.4
2022-03-22,South West,IBV,Duck,Confirmed,1,13.4,72.5,0.2,17.7
2022-05-13,South East,NDV,Chicken,Confirmed,3,16.2,60.3,0.5,20.8
2022-05-18,East Midlands,NDV,Wild Bird,Suspected,1,11.4,62.1,4.7,16.7
2022-07-03,Yorkshire and the Humber,NDV,Duck,Suspected,2,8.2,75.0,1.3,19.0
2023-02-05,Yorkshire and the Humber,H5N8,Chicken,Confirmed,2,9.1,74.0,0.4,19.1
2022-11-26,East of England,IBV,Duck,Confirmed,1,9.2,66.5,16.9,19.9
2023-05-23,London,NDV,Wild Bird,Suspected,6,19.3,73.8,4.6,15.2
2022-03-10,North West,H5N1,Wild Bird,Confirmed,2,2.6,66.1,1.6,18.9
2023-06-30,North West,H5N8,Wild Bird,Confirmed,7,1.1,89.7,5.2,15.8
2022-02-22,East Midlands,IBV,Duck,Suspected,8,1.5,70.4,3.4,17.0
2023-03-26,West Midlands,NDV,Duck,Suspected,2,5.5,80.9,4.7,30.3
2022-07-24,West Midlands,H5N1,Chicken,Confirmed,2,13.5,77.6,5.1,16.2
2022-05-06,North East,IBV,Wild Bird,Confirmed,6,13.8,61.8,0.3,7.5
2022-02-12,South West,IBV,Duck,Confirmed,3,7.0,93.0,2.9,14.0
2022-04-21,London,H5N8,Wild Bird,Suspected,1,9.9,78.5,0.0,13.4
2023-10-25,South East,IBV,Wild Bird,Confirmed,3,4.4,71.4,0.1,13.7
2022-07-02,Yorkshire and the Humber,H5N8,Chicken,Confirmed,0,4.9,65.5,7.0,19.8
2022-04-05,East Midlands,NDV,Chicken,Suspected,6,12.9,71.8,2.2,20.7
2023-01-09,North West,H5N8,Chicken,Suspected,2,15.2,60.7,4.0,14.5
2023-06-04,North East,H5N1,Chicken,Confirmed,1,7.6,72.7,5.5,8.0
2022-12-26,West Midlands,H5N8,Wild Bird,Suspected,3,18.2,78.6,9.0,15.5
2023-11-27,East Midlands,H5N1,Chicken,Suspected,3,14.8,90.5,6.1,12.3
2022-10-08,Yorkshire and the Humber,H5N8,Chicken,Confirmed,5,18.0,84.1,2.0,16.1
2022-07-14,South East,IBV,Chicken,Suspected,1,8.5,63.9,1.2,14.4
2022-07-14,North East,NDV,Chicken,Suspected,2,17.6,65.2,0.5,21.1
2023-10-29,Yorkshire and the Humber,H5N1,Wild Bird,Confirmed,3,20.9,75.0,1.5,16.4
2022-04-03,North West,H5N8,Chicken,Suspected,6,7.9,66.8,1.4,12.3
2023-11-03,North West,H5N8,Wild Bird,Confirmed,2,9.2,61.0,2.5,8.1
2022-03-02,North West,H5N8,Duck,Confirmed,3,5.3,88.2,3.3,14.8
2023-09-26,East Midlands,IBV,Wild Bird,Suspected,4,4.3,60.7,11.5,14.8
2022-02-20,East Midlands,IBV,Wild Bird,Suspected,5,4.3,89.1,3.9,13.7
2023-02-07,West Midlands,H5N1,Chicken,Suspected,1,5.9,65.0,3.1,18.9
2022-01-05,West Midlands,H5N1,Duck,Confirmed,4,11.4,94.1,1.2,8.1
2023-04-11,South East,IBV,Duck,Suspected,4,6.2,81.1,0.1,11.2
2023-08-27,North East,H5N1,Duck,Confirmed,1,11.2,85.7,1.0,15.3
2023-11-13,East of England,NDV,Duck,Suspected,6,11.3,63.9,4.4,12.2
2023-06-18,East of England,NDV,Wild Bird,Suspected,5,7.6,90.2,0.7,13.2
2023-02-09,Yorkshire and the Humber,IBV,Duck,Suspected,5,9.7,89.4,3.7,14.7
2023-05-28,North West,H5N1,Wild Bird,Confirmed,6,7.4,82.9,2.6,18.4
2023-10-07,North East,H5N8,Wild Bird,Suspected,3,8.4,77.6,0.6,14.5
2022-08-21,East Midlands,NDV,Wild Bird,Suspected,1,6.0,85.3,0.9,5.2
2023-06-08,South West,IBV,Duck,Confirmed,1,10.4,60.2,2.1,12.0
2022-12-12,London,H5N1,Chicken,Confirmed,6,7.0,80.7,1.6,17.5
2022-02-15,South East,IBV,Chicken,Suspected,2,4.2,89.7,4.5,18.8
2023-06-30,North West,H5N8,Duck,Suspected,4,13.0,72.5,4.0,19.1
2022-03-19,North West,NDV,Chicken,Suspected,3,13.1,63.8,2.6,20.5
2023-12-31,North West,IBV,Chicken,Confirmed,7,15.6,74.7,5.2,15.6
2022-03-14,East Midlands,IBV,Wild Bird,Confirmed,2,4.9,85.4,2.5,16.3
2022-09-06,East Midlands,IBV,Wild Bird,Confirmed,4,7.6,63.8,10.0,9.9
2022-02-16,London,H5N8,Duck,Confirmed,0,11.2,67.2,0.7,4.1
2022-05-01,North East,IBV,Duck,Suspected,1,7.5,65.2,3.8,7.9
2022-08-02,North West,H5N8,Chicken,Confirmed,2,12.9,87.9,1.4,11.5
2022-08-27,East of England,H5N8,Wild Bird,Confirmed,7,12.5,62.2,1.0,8.2
2022-02-25,West Midlands,H5N8,Duck,Confirmed,5,12.4,84.0,0.6,13.5
2022-12-16,East of England,NDV,Duck,Suspected,3,17.3,72.8,2.4,12.7
2022-04-17,Yorkshire and the Humber,NDV,Duck,Suspected,7,13.2,86.5,0.7,19.7
2022-02-17,East of England,IBV,Duck,Confirmed,2,10.8,93.8,0.7,10.2
2023-07-27,Yorkshire and the Humber,IBV,Duck,Confirmed,3,9.0,64.0,14.0,15.7
2022-12-03,South West,NDV,Duck,Suspected,1,9.4,71.0,4.9,12.9
2022-01-26,West Midlands,H5N1,Chicken,Suspected,3,4.7,88.4,4.1,10.0
2022-09-14,East of England,NDV,Wild Bird,Suspected,3,1.2,69.3,4.7,11.4
2022-01-08,South West,H5N8,Wild Bird,Suspected,4,12.3,67.5,10.4,4.7
2023-09-17,South East,NDV,Duck,Suspected,3,16.1,88.9,2.6,18.7
2022-09-10,North East,H5N8,Wild Bird,Suspected,4,8.3,94.5,0.7,22.0
2023-11-23,South West,IBV,Wild Bird,Suspected,2,17.9,79.5,5.9,13.7
2023-12-20,North East,H5N1,Wild Bird,Suspected,4,9.1,69.7,4.1,15.1
2022-10-30,East of England,IBV,Duck,Confirmed,6,0.2,73.9,1.6,13.5
2023-10-01,South West,H5N8,Duck,Confirmed,3,14.6,66.0,1.9,10.9
2022-02-25,West Midlands,H5N8,Wild Bird,Confirmed,4,7.6,86.7,1.6,18.5
2023-12-27,East of England,H5N8,Wild Bird,Confirmed,1,15.0,87.1,8.0,16.6
2023-06-10,North West,H5N1,Duck,Confirmed,6,3.6,90.6,1.3,0.4
2023-04-19,East Midlands,NDV,Chicken,Confirmed,4,12.1,60.9,9.9,9.8
2022-01-28,South West,IBV,Wild Bird,Suspected,2,6.0,79.7,7.2,4.7
2022-03-19,West Midlands,IBV,Chicken,Suspected,0,11.0,67.5,3.0,22.8
2022-08-04,South East,NDV,Wild Bird,Confirmed,2,13.8,71.9,2.6,14.1
2023-01-21,North West,IBV,Chicken,Confirmed,4,12.7,87.5,1.4,16.2
2022-12-31,South East,H5N1,Chicken,Suspected,3,10.3,66.7,0.1,13.2
2023-10-28,East of England,IBV,Chicken,Suspected,4,3.1,82.3,0.4,20.5
2023-06-10,East Midlands,H5N8,Duck,Suspected,4,13.7,82.9,4.2,19.3
2023-11-30,South West,NDV,Chicken,Confirmed,6,15.2,93.4,1.9,13.9
2022-11-08,South West,H5N1,Chicken,Suspected,3,4.8,87.1,0.5,23.6
2022-01-07,East of England,NDV,Chicken,Confirmed,2,5.5,88.1,0.9,15.9
2022-01-03,East of England,H5N1,Wild Bird,Confirmed,5,15.4,78.6,8.9,7.7
2023-09-15,East Midlands,H5N8,Chicken,Suspected,5,9.0,66.5,1.4,15.5
2022-12-29,West Midlands,NDV,Wild Bird,Suspected,4,5.6,74.9,7.1,17.6
2023-05-23,West Midlands,IBV,Chicken,Confirmed,2,11.4,79.2,1.1,14.3
2022-10-01,East Midlands,H5N1,Chicken,Suspected,1,6.8,83.7,2.4,12.9
2023-05-21,West Midlands,NDV,Duck,Suspected,5,10.8,81.3,0.1,23.8
2022-01-15,Yorkshire and the Humber,IBV,Wild Bird,Confirmed,6,7.9,73.8,2.2,9.1
2022-07-11,North East,NDV,Chicken,Suspected,1,8.4,69.3,3.0,1.2
2023-09-23,East Midlands,NDV,Wild Bird,Confirmed,6,15.6,65.9,0.8,23.1
2023-04-30,East Midlands,NDV,Wild Bird,Confirmed,3,-2.3,84.3,2.6,8.9
2022-01-28,London,H5N1,Duck,Suspected,4,12.8,82.6,3.1,13.6
2023-12-15,North West,IBV,Duck,Confirmed,3,14.7,84.1,3.5,13.1
2022-02-08,North West,H5N8,Duck,Confirmed,3,6.9,73.0,4.5,21.2
2022-09-30,Yorkshire and the Humber,H5N1,Duck,Suspected,4,14.7,69.2,1.1,22.2
2022-08-19,East of England,H5N1,Duck,Suspected,1,5.2,86.6,2.5,8.5
2022-03-27,East of England,H5N1,Duck,Suspected,5,6.7,87.1,12.0,21.8
2023-04-19,South East,H5N8,Duck,Confirmed,2,6.1,75.9,6.9,21.7
2022-05-06,Yorkshire and the Humber,IBV,Duck,Confirmed,4,14.8,81.4,9.2,15.1
2023-06-21,East Midlands,IBV,Chicken,Suspected,5,1.3,73.1,1.5,19.7
2022-05-25,Yorkshire and the Humber,IBV,Wild Bird,Confirmed,3,18.2,84.6,4.6,20.2
2023-06-09,Yorkshire and the Humber,NDV,Duck,Suspected,3,8.5,89.3,2.9,13.7
2022-07-31,Yorkshire and the Humber,NDV,Duck,Suspected,4,13.1,84.1,0.3,14.2
2022-01-25,North West,NDV,Wild Bird,Confirmed,2,12.6,77.9,5.2,17.9
2023-08-03,Yorkshire and the Humber,H5N8,Chicken,Suspected,4,10.8,76.1,3.4,6.9
2023-01-29,North East,NDV,Wild Bird,Confirmed,0,7.0,82.5,0.7,13.2
2022-03-08,East of England,H5N8,Wild Bird,Confirmed,0,16.2,83.8,0.2,9.0
2022-08-21,South East,IBV,Duck,Suspected,4,7.4,79.6,5.4,22.1
2022-04-19,North East,NDV,Wild Bird,Confirmed,2,6.3,81.9,0.2,13.2
2022-05-26,South East,NDV,Wild Bird,Suspected,2,14.4,63.4,0.3,16.4
2022-04-21,London,H5N1,Duck,Confirmed,1,10.7,93.3,1.7,13.9
2022-08-16,South East,H5N8,Duck,Confirmed,2,16.8,87.7,0.4,13.6
2022-04-21,East of England,IBV,Duck,Confirmed,5,9.7,73.1,7.3,16.1
2023-04-15,East of England,H5N1,Duck,Suspected,2,6.7,79.7,1.9,11.3
2022-02-03,Yorkshire and the Humber,H5N1,Wild Bird,Confirmed,3,11.4,61.7,2.5,14.0
2023-09-15,South West,IBV,Wild Bird,Suspected,0,7.8,61.4,7.9,14.0
2023-01-04,London,H5N1,Chicken,Confirmed,2,6.9,68.8,2.3,12.9
2023-08-18,East Midlands,H5N8,Chicken,Confirmed,3,14.2,84.1,1.3,17.0
2023-07-08,West Midlands,H5N8,Wild Bird,Suspected,4,19.2,89.8,4.8,12.8
2023-03-01,South East,NDV,Chicken,Suspected,6,8.8,79.6,1.8,23.1
2023-09-05,South West,H5N1,Wild Bird,Suspected,4,5.1,78.6,1.2,18.1
2023-06-02,Yorkshire and the Humber,NDV,Chicken,Suspected,3,9.2,74.1,3.9,8.3
2023-11-23,North West,H5N1,Duck,Suspected,2,12.6,65.7,4.9,17.8
2022-10-09,East Midlands,H5N8,Chicken,Confirmed,5,11.3,64.1,4.7,11.6
2022-11-16,South West,H5N8,Duck,Confirmed,3,16.0,86.6,11.4,15.7
2023-03-19,North West,H5N8,Duck,Suspected,3,13.3,92.5,4.6,11.3
2022-11-11,London,H5N1,Duck,Confirmed,2,4.5,76.0,4.4,4.0
2023-01-12,Yorkshire and the Humber,H5N8,Duck,Confirmed,3,7.5,83.1,5.8,14.9
2022-10-16,East Midlands,H5N1,Chicken,Confirmed,6,3.1,92.0,0.0,7.8
2023-03-13,East Midlands,NDV,Wild Bird,Suspected,1,15.7,63.2,1.4,17.1
2023-10-24,East Midlands,H5N1,Duck,Confirmed,2,0.0,87.0,4.0,15.9
2022-10-04,London,NDV,Chicken,Confirmed,2,3.6,81.6,2.7,12.0
2023-12-11,South East,H5N1,Duck,Confirmed,2,7.4,81.0,0.6,24.1
2023-08-05,London,NDV,Chicken,Suspected,7,12.8,70.2,1.1,8.8
2023-05-18,West Midlands,H5N8,Chicken,Confirmed,1,7.4,83.9,1.2,11.9
2023-09-16,East of England,NDV,Chicken,Confirmed,3,8.2,87.8,2.5,9.4
2023-05-31,Yorkshire and the Humber,H5N8,Wild Bird,Suspected,8,8.3,64.0,5.3,25.2
2022-12-16,London,H5N8,Chicken,Suspected,1,10.9,78.7,8.1,21.8
2023-03-22,North West,NDV,Chicken,Confirmed,2,3.9,63.5,4.2,7.9
2022-12-16,West Midlands,H5N1,Wild Bird,Confirmed,4,5.3,90.5,5.6,10.9
2023-08-30,East of England,H5N1,Wild Bird,Suspected,1,18.4,77.8,1.9,11.0
2023-10-26,South East,IBV,Chicken,Suspected,4,12.0,88.3,1.5,12.2
2022-05-17,North West,H5N1,Wild Bird,Suspected,4,13.8,72.9,1.5,9.8
2022-08-31,Yorkshire and the Humber,IBV,Duck,Suspected,4,10.3,64.4,2.9,12.0
2023-06-27,North West,H5N1,Duck,Suspected,2,9.3,61.5,0.4,20.0
2022-02-09,East of England,H5N1,Wild Bird,Suspected,5,12.3,69.9,2.6,24.7
2022-08-17,North West,H5N8,Wild Bird,Suspected,3,13.6,68.5,3.3,7.3
2023-07-02,North East,IBV,Chicken,Confirmed,3,14.2,79.6,1.7,9.8
